ABATE	Card 1	4243	Barron's 800 High-Frequency GRE Word List
ABDICATE	Card 1	4244	Barron's 800 High-Frequency GRE Word List
ABERRANT	Card 1	4245	Barron's 800 High-Frequency GRE Word List
ABEYANCE	Card 1	4246	Barron's 800 High-Frequency GRE Word List
ABJECT	Card 1	4247	Barron's 800 High-Frequency GRE Word List
ABJURE	Card 1	4248	Barron's 800 High-Frequency GRE Word List
ABSCISSION	Card 1	4249	Barron's 800 High-Frequency GRE Word List
ABSCOND	Card 1	4250	Barron's 800 High-Frequency GRE Word List
ABSTEMIOUS	Card 1	4251	Barron's 800 High-Frequency GRE Word List
ABSTINENCE	Card 1	4252	Barron's 800 High-Frequency GRE Word List
ABYSMAL	Card 1	4253	Barron's 800 High-Frequency GRE Word List
ACCRETION	Card 1	4254	Barron's 800 High-Frequency GRE Word List
ACCRUE	Card 1	4255	Barron's 800 High-Frequency GRE Word List
ADAMANT	Card 1	4256	Barron's 800 High-Frequency GRE Word List
ADJUNCT	Card 1	4257	Barron's 800 High-Frequency GRE Word List
ADMONISH	Card 1	4258	Barron's 800 High-Frequency GRE Word List
ADULTERATE	Card 1	4259	Barron's 800 High-Frequency GRE Word List
AESTHETIC	Card 1	4260	Barron's 800 High-Frequency GRE Word List
AFFECTED	Card 1	4261	Barron's 800 High-Frequency GRE Word List
AFFINITY	Card 1	4262	Barron's 800 High-Frequency GRE Word List
AGGRANDIZE	Card 1	4263	Barron's 800 High-Frequency GRE Word List
AGGREGATE	Card 1	4264	Barron's 800 High-Frequency GRE Word List
ALACRITY	Card 1	4265	Barron's 800 High-Frequency GRE Word List
ALCHEMY	Card 1	4266	Barron's 800 High-Frequency GRE Word List
ALLAY	Card 1	4267	Barron's 800 High-Frequency GRE Word List
ALLEVIATE	Card 1	4268	Barron's 800 High-Frequency GRE Word List
ALLOY	Card 1	4269	Barron's 800 High-Frequency GRE Word List
ALLURE	Card 1	4270	Barron's 800 High-Frequency GRE Word List
AMALGAMATE	Card 1	4271	Barron's 800 High-Frequency GRE Word List
AMBIGUOUS	Card 1	4272	Barron's 800 High-Frequency GRE Word List
AMBIVALENCE	Card 1	4273	Barron's 800 High-Frequency GRE Word List
AMBROSIA	Card 1	4274	Barron's 800 High-Frequency GRE Word List
AMELIORATE	Card 1	4275	Barron's 800 High-Frequency GRE Word List
AMENABLE	Card 1	4276	Barron's 800 High-Frequency GRE Word List
AMENITY	Card 1	4277	Barron's 800 High-Frequency GRE Word List
AMULET	Card 1	4278	Barron's 800 High-Frequency GRE Word List
ANACHRONISM	Card 1	4279	Barron's 800 High-Frequency GRE Word List
ANALGESIC	Card 1	4280	Barron's 800 High-Frequency GRE Word List
ANALOGOUS	Card 1	4281	Barron's 800 High-Frequency GRE Word List
ANARCHY	Card 1	4282	Barron's 800 High-Frequency GRE Word List
ANODYNE	Card 1	4283	Barron's 800 High-Frequency GRE Word List
ANOMALOUS	Card 1	4284	Barron's 800 High-Frequency GRE Word List
ANOMIE	Card 1	5004	Barron's 800 High-Frequency GRE Word List
ANTECEDENT	Card 1	4285	Barron's 800 High-Frequency GRE Word List
ANTEDILUVIAN	Card 1	4286	Barron's 800 High-Frequency GRE Word List
ANTIPATHY	Card 1	4287	Barron's 800 High-Frequency GRE Word List
APATHY	Card 1	4288	Barron's 800 High-Frequency GRE Word List
APEX	Card 1	4289	Barron's 800 High-Frequency GRE Word List
APOGEE	Card 1	4290	Barron's 800 High-Frequency GRE Word List
APOTHEGM	Card 1	4291	Barron's 800 High-Frequency GRE Word List
APPEASE	Card 1	4292	Barron's 800 High-Frequency GRE Word List
APPELLATION	Card 1	4293	Barron's 800 High-Frequency GRE Word List
APPOSITE	Card 1	4294	Barron's 800 High-Frequency GRE Word List
APPRISE	Card 1	4295	Barron's 800 High-Frequency GRE Word List
APPROBATION	Card 1	4296	Barron's 800 High-Frequency GRE Word List
APPROPRIATE	Card 1	4297	Barron's 800 High-Frequency GRE Word List
APROPOS	Card 1	4298	Barron's 800 High-Frequency GRE Word List
ARABESQUE	Card 1	4299	Barron's 800 High-Frequency GRE Word List
ARCHEOLOGY	Card 1	4300	Barron's 800 High-Frequency GRE Word List
ARDOR	Card 1	4301	Barron's 800 High-Frequency GRE Word List
ARDUOUS	Card 1	4302	Barron's 800 High-Frequency GRE Word List
ARGOT	Card 1	4303	Barron's 800 High-Frequency GRE Word List
ARREST	Card 1	4304	Barron's 800 High-Frequency GRE Word List
ARTIFACT	Card 1	4305	Barron's 800 High-Frequency GRE Word List
ARTLESS	Card 1	4306	Barron's 800 High-Frequency GRE Word List
ASCETIC	Card 1	4307	Barron's 800 High-Frequency GRE Word List
ASPERITY	Card 1	4308	Barron's 800 High-Frequency GRE Word List
ASPERSION	Card 1	4309	Barron's 800 High-Frequency GRE Word List
ASSIDUOUS	Card 1	4310	Barron's 800 High-Frequency GRE Word List
ASSUAGE	Card 1	4311	Barron's 800 High-Frequency GRE Word List
ASTRINGENT	Card 1	4312	Barron's 800 High-Frequency GRE Word List
ASYLUM	Card 1	4313	Barron's 800 High-Frequency GRE Word List
ATAVISM	Card 1	4314	Barron's 800 High-Frequency GRE Word List
ATTENUATE	Card 1	4315	Barron's 800 High-Frequency GRE Word List
AUDACIOUS	Card 1	4316	Barron's 800 High-Frequency GRE Word List
AUSTERE	Card 1	4317	Barron's 800 High-Frequency GRE Word List
AUTONOMOUS	Card 1	4318	Barron's 800 High-Frequency GRE Word List
AVARICE	Card 1	4319	Barron's 800 High-Frequency GRE Word List
AVER	Card 1	4320	Barron's 800 High-Frequency GRE Word List
AVOCATION	Card 1	4321	Barron's 800 High-Frequency GRE Word List
AVUNCULAR	Card 1	4322	Barron's 800 High-Frequency GRE Word List
AXIOMATIC	Card 1	4323	Barron's 800 High-Frequency GRE Word List
BACCHANALIAN	Card 1	4324	Barron's 800 High-Frequency GRE Word List
BANAL	Card 1	4325	Barron's 800 High-Frequency GRE Word List
BANTER	Card 1	4326	Barron's 800 High-Frequency GRE Word List
BARD	Card 1	4327	Barron's 800 High-Frequency GRE Word List
BAWDY	Card 1	4328	Barron's 800 High-Frequency GRE Word List
BEATIFY	Card 1	4329	Barron's 800 High-Frequency GRE Word List
BEDIZEN	Card 1	4330	Barron's 800 High-Frequency GRE Word List
BEHEMOTH	Card 1	4331	Barron's 800 High-Frequency GRE Word List
BELIE	Card 1	4332	Barron's 800 High-Frequency GRE Word List
BENEFICENT	Card 1	4333	Barron's 800 High-Frequency GRE Word List
BIFURCATE	Card 1	4334	Barron's 800 High-Frequency GRE Word List
BIONICS	Card 1	5052	Barron's 800 High-Frequency GRE Word List
BLANDISHMENT	Card 1	4335	Barron's 800 High-Frequency GRE Word List
BLASE	Card 1	4336	Barron's 800 High-Frequency GRE Word List
BOLSTER	Card 1	4337	Barron's 800 High-Frequency GRE Word List
BOMBASTIC	Card 1	4338	Barron's 800 High-Frequency GRE Word List
BOORISH	Card 1	4339	Barron's 800 High-Frequency GRE Word List
BOVINE	Card 1	4340	Barron's 800 High-Frequency GRE Word List
BRAZEN	Card 1	4341	Barron's 800 High-Frequency GRE Word List
BROACH	Card 1	4342	Barron's 800 High-Frequency GRE Word List
BUCOLIC	Card 1	4343	Barron's 800 High-Frequency GRE Word List
BURGEON	Card 1	4344	Barron's 800 High-Frequency GRE Word List
BURNISH	Card 1	4345	Barron's 800 High-Frequency GRE Word List
BUTTRESS	Card 1	4346	Barron's 800 High-Frequency GRE Word List
CACOPHONOUS	Card 1	4347	Barron's 800 High-Frequency GRE Word List
CADGE	Card 1	4348	Barron's 800 High-Frequency GRE Word List
CALLOUS	Card 1	4349	Barron's 800 High-Frequency GRE Word List
CALUMNY	Card 1	4350	Barron's 800 High-Frequency GRE Word List
CANARD	Card 1	4351	Barron's 800 High-Frequency GRE Word List
CANON	Card 1	4352	Barron's 800 High-Frequency GRE Word List
CANT	Card 1	4353	Barron's 800 High-Frequency GRE Word List
CANTANKEROUS	Card 1	4354	Barron's 800 High-Frequency GRE Word List
CAPRICIOUS	Card 1	4355	Barron's 800 High-Frequency GRE Word List
CAPTIOUS	Card 1	4356	Barron's 800 High-Frequency GRE Word List
CARDINAL	Card 1	4357	Barron's 800 High-Frequency GRE Word List
CARNAL	Card 1	4358	Barron's 800 High-Frequency GRE Word List
CARPING	Card 1	4359	Barron's 800 High-Frequency GRE Word List
CARTOGRAPHY	Card 1	4360	Barron's 800 High-Frequency GRE Word List
CASTE	Card 1	4361	Barron's 800 High-Frequency GRE Word List
CASTIGATION	Card 1	4362	Barron's 800 High-Frequency GRE Word List
CATACLYSM	Card 1	4363	Barron's 800 High-Frequency GRE Word List
CATALYST	Card 1	4364	Barron's 800 High-Frequency GRE Word List
CATEGORICAL	Card 1	4365	Barron's 800 High-Frequency GRE Word List
CAUCUS	Card 1	4366	Barron's 800 High-Frequency GRE Word List
CAUSAL	Card 1	4367	Barron's 800 High-Frequency GRE Word List
CAUSTIC	Card 1	4368	Barron's 800 High-Frequency GRE Word List
CELESTIAL	Card 1	4369	Barron's 800 High-Frequency GRE Word List
CENTRIFUGAL	Card 1	4370	Barron's 800 High-Frequency GRE Word List
CENTRIPETAL	Card 1	4371	Barron's 800 High-Frequency GRE Word List
CHAMPION	Card 1	4372	Barron's 800 High-Frequency GRE Word List
CHASTEN	Card 1	4373	Barron's 800 High-Frequency GRE Word List
CHICANERY	Card 1	4374	Barron's 800 High-Frequency GRE Word List
CHIVALRY	Card 1	4375	Barron's 800 High-Frequency GRE Word List
CHURLISH	Card 1	4376	Barron's 800 High-Frequency GRE Word List
CIRCUITOUS	Card 1	4377	Barron's 800 High-Frequency GRE Word List
CLAIRVOYANT	Card 1	4378	Barron's 800 High-Frequency GRE Word List
CLAMOR	Card 1	4379	Barron's 800 High-Frequency GRE Word List
CLIQUE	Card 1	4380	Barron's 800 High-Frequency GRE Word List
CLOISTER	Card 1	4382	Barron's 800 High-Frequency GRE Word List
COAGULATE	Card 1	4381	Barron's 800 High-Frequency GRE Word List
COALESCE	Card 1	4383	Barron's 800 High-Frequency GRE Word List
CODA	Card 1	4384	Barron's 800 High-Frequency GRE Word List
CODIFY	Card 1	4385	Barron's 800 High-Frequency GRE Word List
COGNIZANT	Card 1	4386	Barron's 800 High-Frequency GRE Word List
COLLAGE	Card 1	4387	Barron's 800 High-Frequency GRE Word List
COMMENSURATE	Card 1	4388	Barron's 800 High-Frequency GRE Word List
COMPENDIUM	Card 1	4389	Barron's 800 High-Frequency GRE Word List
COMPLACENT	Card 1	4390	Barron's 800 High-Frequency GRE Word List
COMPLAISANT	Card 1	4391	Barron's 800 High-Frequency GRE Word List
COMPLEMENT	Card 1	4392	Barron's 800 High-Frequency GRE Word List
COMPLIANT	Card 1	4393	Barron's 800 High-Frequency GRE Word List
COMPUNCTION	Card 1	4394	Barron's 800 High-Frequency GRE Word List
CONCAVE	Card 1	4395	Barron's 800 High-Frequency GRE Word List
CONCILIATORY	Card 1	4396	Barron's 800 High-Frequency GRE Word List
CONCOCT	Card 1	4397	Barron's 800 High-Frequency GRE Word List
CONCOMITANT	Card 1	4398	Barron's 800 High-Frequency GRE Word List
CONDONE	Card 1	4399	Barron's 800 High-Frequency GRE Word List
CONFOUND	Card 1	4400	Barron's 800 High-Frequency GRE Word List
CONGENIAL	Card 1	4401	Barron's 800 High-Frequency GRE Word List
CONJUGAL	Card 1	4402	Barron's 800 High-Frequency GRE Word List
CONNOISSEUR	Card 1	4403	Barron's 800 High-Frequency GRE Word List
CONSCRIPT	Card 1	4404	Barron's 800 High-Frequency GRE Word List
CONSECRATE	Card 1	4405	Barron's 800 High-Frequency GRE Word List
CONTEND	Card 1	4406	Barron's 800 High-Frequency GRE Word List
CONTENTIOUS	Card 1	4407	Barron's 800 High-Frequency GRE Word List
CONTIGUOUS	Card 1	4412	Barron's 800 High-Frequency GRE Word List
CONTINENCE	Card 1	4408	Barron's 800 High-Frequency GRE Word List
CONTRITE	Card 1	4409	Barron's 800 High-Frequency GRE Word List
CONTUMACIOUS	Card 1	4410	Barron's 800 High-Frequency GRE Word List
CONUNDRUM	Card 1	4411	Barron's 800 High-Frequency GRE Word List
CONVENTION	Card 1	4413	Barron's 800 High-Frequency GRE Word List
CONVERGE	Card 1	4414	Barron's 800 High-Frequency GRE Word List
CONVEX	Card 1	4415	Barron's 800 High-Frequency GRE Word List
CONVIVIAL	Card 1	4416	Barron's 800 High-Frequency GRE Word List
CONVOLUTED	Card 1	4417	Barron's 800 High-Frequency GRE Word List
COPIOUS	Card 1	4418	Barron's 800 High-Frequency GRE Word List
COQUETTE	Card 1	4419	Barron's 800 High-Frequency GRE Word List
CORNUCOPIA	Card 1	4420	Barron's 800 High-Frequency GRE Word List
COSMOLOGY	Card 1	4421	Barron's 800 High-Frequency GRE Word List
COVERT	Card 1	4422	Barron's 800 High-Frequency GRE Word List
COVETOUS	Card 1	4423	Barron's 800 High-Frequency GRE Word List
COZEN	Card 1	4424	Barron's 800 High-Frequency GRE Word List
CRAVEN	Card 1	4425	Barron's 800 High-Frequency GRE Word List
CREDENCE	Card 1	4426	Barron's 800 High-Frequency GRE Word List
CREDO	Card 1	4427	Barron's 800 High-Frequency GRE Word List
DAUNT	Card 1	4428	Barron's 800 High-Frequency GRE Word List
DE FACTO	Card 1	5047	Barron's 800 High-Frequency GRE Word List
DEARTH	Card 1	4429	Barron's 800 High-Frequency GRE Word List
DEBAUCHERY	Card 1	4430	Barron's 800 High-Frequency GRE Word List
DECORUM	Card 1	4431	Barron's 800 High-Frequency GRE Word List
DEFAME	Card 1	4432	Barron's 800 High-Frequency GRE Word List
DEFAULT	Card 1	4433	Barron's 800 High-Frequency GRE Word List
DEFER	Card 1	5049	Barron's 800 High-Frequency GRE Word List
DEFERENCE	Card 1	4434	Barron's 800 High-Frequency GRE Word List
DEFUNCT	Card 1	4435	Barron's 800 High-Frequency GRE Word List
DELINEATE	Card 1	4436	Barron's 800 High-Frequency GRE Word List
DEMOGRAPHIC	Card 1	4437	Barron's 800 High-Frequency GRE Word List
DEMOTIC	Card 1	4438	Barron's 800 High-Frequency GRE Word List
DEMUR	Card 1	4439	Barron's 800 High-Frequency GRE Word List
DENIGRATE	Card 1	4440	Barron's 800 High-Frequency GRE Word List
DENIZEN	Card 1	4441	Barron's 800 High-Frequency GRE Word List
DENOUEMENT	Card 1	4442	Barron's 800 High-Frequency GRE Word List
DERIDE	Card 1	4443	Barron's 800 High-Frequency GRE Word List
DERIVATIVE	Card 1	4444	Barron's 800 High-Frequency GRE Word List
DESICCATE	Card 1	4445	Barron's 800 High-Frequency GRE Word List
DESUETUDE	Card 1	4446	Barron's 800 High-Frequency GRE Word List
DESULTORY	Card 1	4447	Barron's 800 High-Frequency GRE Word List
DETERRENT	Card 1	4448	Barron's 800 High-Frequency GRE Word List
DETRACTION	Card 1	4449	Barron's 800 High-Frequency GRE Word List
DEVIANT	Card 1	5048	Barron's 800 High-Frequency GRE Word List
DIAPHANOUS	Card 1	4450	Barron's 800 High-Frequency GRE Word List
DIATRIBE	Card 1	4451	Barron's 800 High-Frequency GRE Word List
DICHOTOMY	Card 1	4452	Barron's 800 High-Frequency GRE Word List
DIFFIDENCE	Card 1	4453	Barron's 800 High-Frequency GRE Word List
DIFFUSE	Card 1	4454	Barron's 800 High-Frequency GRE Word List
DIGRESSION	Card 1	4455	Barron's 800 High-Frequency GRE Word List
DIRGE	Card 1	4456	Barron's 800 High-Frequency GRE Word List
DISABUSE	Card 1	4457	Barron's 800 High-Frequency GRE Word List
DISCERN	Card 1	5051	Barron's 800 High-Frequency GRE Word List
DISCERNING	Card 1	4458	Barron's 800 High-Frequency GRE Word List
DISCOMFIT	Card 1	4459	Barron's 800 High-Frequency GRE Word List
DISCORDANT	Card 1	4460	Barron's 800 High-Frequency GRE Word List
DISCREDIT	Card 1	4461	Barron's 800 High-Frequency GRE Word List
DISCREPANCY	Card 1	4462	Barron's 800 High-Frequency GRE Word List
DISCRETE	Card 1	4463	Barron's 800 High-Frequency GRE Word List
DISCRETION	Card 1	4464	Barron's 800 High-Frequency GRE Word List
DISINGENUOUS	Card 1	4465	Barron's 800 High-Frequency GRE Word List
DISINTERESTED	Card 1	4466	Barron's 800 High-Frequency GRE Word List
DISJOINTED	Card 1	4467	Barron's 800 High-Frequency GRE Word List
DISMISS	Card 1	4468	Barron's 800 High-Frequency GRE Word List
DISPARAGE	Card 1	4469	Barron's 800 High-Frequency GRE Word List
DISPARATE	Card 1	4470	Barron's 800 High-Frequency GRE Word List
DISSEMBLE	Card 1	4471	Barron's 800 High-Frequency GRE Word List
DISSEMINATE	Card 1	4472	Barron's 800 High-Frequency GRE Word List
DISSIDENT	Card 1	4473	Barron's 800 High-Frequency GRE Word List
DISSOLUTION	Card 1	4474	Barron's 800 High-Frequency GRE Word List
DISSONANCE	Card 1	4475	Barron's 800 High-Frequency GRE Word List
DISTEND	Card 1	4476	Barron's 800 High-Frequency GRE Word List
DISTILL	Card 1	4477	Barron's 800 High-Frequency GRE Word List
DISTRAIT	Card 1	4478	Barron's 800 High-Frequency GRE Word List
DIVERGE	Card 1	4479	Barron's 800 High-Frequency GRE Word List
DIVEST	Card 1	4480	Barron's 800 High-Frequency GRE Word List
DIVULGE	Card 1	4481	Barron's 800 High-Frequency GRE Word List
DOCTRINAIRE	Card 1	4482	Barron's 800 High-Frequency GRE Word List
DOCUMENT	Card 1	4483	Barron's 800 High-Frequency GRE Word List
DOGGEREL	Card 1	4484	Barron's 800 High-Frequency GRE Word List
DOGMATIC	Card 1	4485	Barron's 800 High-Frequency GRE Word List
DORMANT	Card 1	4486	Barron's 800 High-Frequency GRE Word List
DROSS	Card 1	4487	Barron's 800 High-Frequency GRE Word List
DUPE	Card 1	4488	Barron's 800 High-Frequency GRE Word List
EBULLIENT	Card 1	4489	Barron's 800 High-Frequency GRE Word List
ECLECTIC	Card 1	4490	Barron's 800 High-Frequency GRE Word List
EFFERVESCENCE	Card 1	4491	Barron's 800 High-Frequency GRE Word List
EFFETE	Card 1	4492	Barron's 800 High-Frequency GRE Word List
EFFICACY	Card 1	4493	Barron's 800 High-Frequency GRE Word List
EFFRONTERY	Card 1	4494	Barron's 800 High-Frequency GRE Word List
EGOISM	Card 1	4495	Barron's 800 High-Frequency GRE Word List
EGOTISTICAL	Card 1	4496	Barron's 800 High-Frequency GRE Word List
ELEGY	Card 1	4497	Barron's 800 High-Frequency GRE Word List
ELICIT	Card 1	4498	Barron's 800 High-Frequency GRE Word List
ELIXIR	Card 1	4499	Barron's 800 High-Frequency GRE Word List
ELYSIAN	Card 1	4500	Barron's 800 High-Frequency GRE Word List
EMACIATED	Card 1	4501	Barron's 800 High-Frequency GRE Word List
EMBELLISH	Card 1	4502	Barron's 800 High-Frequency GRE Word List
EMOLLIENT	Card 1	4503	Barron's 800 High-Frequency GRE Word List
EMPIRICAL	Card 1	4504	Barron's 800 High-Frequency GRE Word List
EMULATE	Card 1	4505	Barron's 800 High-Frequency GRE Word List
ENCOMIUM	Card 1	4506	Barron's 800 High-Frequency GRE Word List
ENDEMIC	Card 1	4507	Barron's 800 High-Frequency GRE Word List
ENERVATE	Card 1	4508	Barron's 800 High-Frequency GRE Word List
ENGENDER	Card 1	4509	Barron's 800 High-Frequency GRE Word List
ENHANCE	Card 1	4510	Barron's 800 High-Frequency GRE Word List
ENTOMOLOGY	Card 1	4511	Barron's 800 High-Frequency GRE Word List
ENUCIATE	Card 1	4512	Barron's 800 High-Frequency GRE Word List
EPHEMERAL	Card 1	4513	Barron's 800 High-Frequency GRE Word List
EPISTEMOLOGY	Card 1	4514	Barron's 800 High-Frequency GRE Word List
EQUABLE	Card 1	4515	Barron's 800 High-Frequency GRE Word List
EQUANIMITY	Card 1	4516	Barron's 800 High-Frequency GRE Word List
EQUITABLE	Card 1	5054	Barron's 800 High-Frequency GRE Word List
EQUIVOCATION	Card 1	4517	Barron's 800 High-Frequency GRE Word List
ERRANT	Card 1	4518	Barron's 800 High-Frequency GRE Word List
ERUDITE	Card 1	4519	Barron's 800 High-Frequency GRE Word List
ESOTERIC	Card 1	4520	Barron's 800 High-Frequency GRE Word List
ESSAY	Card 1	4521	Barron's 800 High-Frequency GRE Word List
ESTIMABLE	Card 1	4522	Barron's 800 High-Frequency GRE Word List
ETHNOCENTRIC	Card 1	4523	Barron's 800 High-Frequency GRE Word List
ETIOLOGY	Card 1	4524	Barron's 800 High-Frequency GRE Word List
ETYMOLOGY	Card 1	4525	Barron's 800 High-Frequency GRE Word List
EUGENICS	Card 1	4526	Barron's 800 High-Frequency GRE Word List
EULOGY	Card 1	4527	Barron's 800 High-Frequency GRE Word List
EUPHEMISM	Card 1	4528	Barron's 800 High-Frequency GRE Word List
EUPHORIA	Card 1	4529	Barron's 800 High-Frequency GRE Word List
EUTHANASIA	Card 1	4530	Barron's 800 High-Frequency GRE Word List
EVINCE	Card 1	4531	Barron's 800 High-Frequency GRE Word List
EVOCATIVE	Card 1	4532	Barron's 800 High-Frequency GRE Word List
EXACERBATE	Card 1	4533	Barron's 800 High-Frequency GRE Word List
EXACT	Card 1	4534	Barron's 800 High-Frequency GRE Word List
EXCULPATE	Card 1	4535	Barron's 800 High-Frequency GRE Word List
EXECRABLE	Card 1	4536	Barron's 800 High-Frequency GRE Word List
EXHORT	Card 1	4537	Barron's 800 High-Frequency GRE Word List
EXIGENCY	Card 1	4538	Barron's 800 High-Frequency GRE Word List
EXISTENTIAL	Card 1	4539	Barron's 800 High-Frequency GRE Word List
EXORCISE	Card 1	4540	Barron's 800 High-Frequency GRE Word List
EXPATIATE	Card 1	4541	Barron's 800 High-Frequency GRE Word List
EXPATRIATE	Card 1	4542	Barron's 800 High-Frequency GRE Word List
EXPIATE	Card 1	4543	Barron's 800 High-Frequency GRE Word List
EXPLICATE	Card 1	4544	Barron's 800 High-Frequency GRE Word List
EXPOSITORY	Card 1	4545	Barron's 800 High-Frequency GRE Word List
EXTANT	Card 1	4546	Barron's 800 High-Frequency GRE Word List
EXTEMPORANEOUS	Card 1	4547	Barron's 800 High-Frequency GRE Word List
EXTIRPATE	Card 1	4548	Barron's 800 High-Frequency GRE Word List
EXTRANEOUS	Card 1	4549	Barron's 800 High-Frequency GRE Word List
EXTRAPOLATION	Card 1	4550	Barron's 800 High-Frequency GRE Word List
EXTRINSIC	Card 1	4551	Barron's 800 High-Frequency GRE Word List
FACETIOUS	Card 1	4552	Barron's 800 High-Frequency GRE Word List
FACILITATE	Card 1	4553	Barron's 800 High-Frequency GRE Word List
FACTOTUM	Card 1	4554	Barron's 800 High-Frequency GRE Word List
FALLACIOUS	Card 1	4555	Barron's 800 High-Frequency GRE Word List
FALLOW	Card 1	4556	Barron's 800 High-Frequency GRE Word List
FATUOUS	Card 1	4557	Barron's 800 High-Frequency GRE Word List
FAUNA	Card 1	4558	Barron's 800 High-Frequency GRE Word List
FAWNING	Card 1	4559	Barron's 800 High-Frequency GRE Word List
FELICITOUS	Card 1	4560	Barron's 800 High-Frequency GRE Word List
FERAL	Card 1	4561	Barron's 800 High-Frequency GRE Word List
FERVOR	Card 1	4562	Barron's 800 High-Frequency GRE Word List
FETID	Card 1	4563	Barron's 800 High-Frequency GRE Word List
FETTER	Card 1	4564	Barron's 800 High-Frequency GRE Word List
FIAT	Card 1	4565	Barron's 800 High-Frequency GRE Word List
FIDELITY	Card 1	4566	Barron's 800 High-Frequency GRE Word List
FILIBUSTER	Card 1	4567	Barron's 800 High-Frequency GRE Word List
FINESSE	Card 1	4568	Barron's 800 High-Frequency GRE Word List
FISSURE	Card 1	4569	Barron's 800 High-Frequency GRE Word List
FLAG	Card 1	4570	Barron's 800 High-Frequency GRE Word List
FLEDGLING	Card 1	4571	Barron's 800 High-Frequency GRE Word List
FLORA	Card 1	4572	Barron's 800 High-Frequency GRE Word List
FLORID	Card 1	4573	Barron's 800 High-Frequency GRE Word List
FLOURISH	Card 1	4574	Barron's 800 High-Frequency GRE Word List
FLOUT	Card 1	4575	Barron's 800 High-Frequency GRE Word List
FLUX	Card 1	4576	Barron's 800 High-Frequency GRE Word List
FOMENT	Card 1	4577	Barron's 800 High-Frequency GRE Word List
FORBEARANCE	Card 1	4578	Barron's 800 High-Frequency GRE Word List
FORESTALL	Card 1	4579	Barron's 800 High-Frequency GRE Word List
FORMIDABLE	Card 1	4580	Barron's 800 High-Frequency GRE Word List
FORSWEAR	Card 1	4581	Barron's 800 High-Frequency GRE Word List
FOUNDER	Card 1	4582	Barron's 800 High-Frequency GRE Word List
FRACAS	Card 1	4583	Barron's 800 High-Frequency GRE Word List
FRACTIOUS	Card 1	4584	Barron's 800 High-Frequency GRE Word List
FRESCO	Card 1	4585	Barron's 800 High-Frequency GRE Word List
FRIEZE	Card 1	4586	Barron's 800 High-Frequency GRE Word List
FROWARD	Card 1	4587	Barron's 800 High-Frequency GRE Word List
FRUGALITY	Card 1	4588	Barron's 800 High-Frequency GRE Word List
FULMINATE	Card 1	4589	Barron's 800 High-Frequency GRE Word List
FULSOME	Card 1	4590	Barron's 800 High-Frequency GRE Word List
FUSION	Card 1	4591	Barron's 800 High-Frequency GRE Word List
FUTILE	Card 1	4592	Barron's 800 High-Frequency GRE Word List
GAINSAY	Card 1	4593	Barron's 800 High-Frequency GRE Word List
GAMBOL	Card 1	4594	Barron's 800 High-Frequency GRE Word List
GARRULOUS	Card 1	4595	Barron's 800 High-Frequency GRE Word List
GAUCHE	Card 1	4596	Barron's 800 High-Frequency GRE Word List
GENIALITY	Card 1	4597	Barron's 800 High-Frequency GRE Word List
GERRYMANDER	Card 1	4598	Barron's 800 High-Frequency GRE Word List
GLIB	Card 1	4599	Barron's 800 High-Frequency GRE Word List
GOAD	Card 1	4600	Barron's 800 High-Frequency GRE Word List
GOSSAMER	Card 1	4601	Barron's 800 High-Frequency GRE Word List
GOUGE	Card 1	4602	Barron's 800 High-Frequency GRE Word List
GRANDILOQUENT	Card 1	4603	Barron's 800 High-Frequency GRE Word List
GREGARIOUS	Card 1	4604	Barron's 800 High-Frequency GRE Word List
GROUSE	Card 1	4605	Barron's 800 High-Frequency GRE Word List
GUILE	Card 1	5055	Barron's 800 High-Frequency GRE Word List
GUILELESS	Card 1	4606	Barron's 800 High-Frequency GRE Word List
GUISE	Card 1	4607	Barron's 800 High-Frequency GRE Word List
GULLIBLE	Card 1	4608	Barron's 800 High-Frequency GRE Word List
GUSTATORY	Card 1	4609	Barron's 800 High-Frequency GRE Word List
HALCYON	Card 1	4610	Barron's 800 High-Frequency GRE Word List
HALLOWED	Card 1	4611	Barron's 800 High-Frequency GRE Word List
HARANGUE	Card 1	4612	Barron's 800 High-Frequency GRE Word List
HARROWING	Card 1	4613	Barron's 800 High-Frequency GRE Word List
HERBIVOROUS	Card 1	4614	Barron's 800 High-Frequency GRE Word List
HERMETIC	Card 1	4615	Barron's 800 High-Frequency GRE Word List
HETERODOX	Card 1	4616	Barron's 800 High-Frequency GRE Word List
HEURISTIC	Card 1	5053	Barron's 800 High-Frequency GRE Word List
HIEROGLYPHICS	Card 1	4617	Barron's 800 High-Frequency GRE Word List
HIRSUTE	Card 1	4618	Barron's 800 High-Frequency GRE Word List
HISTRIONIC	Card 1	4619	Barron's 800 High-Frequency GRE Word List
HOMEOSTASIS	Card 1	4620	Barron's 800 High-Frequency GRE Word List
HOMILY	Card 1	4621	Barron's 800 High-Frequency GRE Word List
HOMOGENEOUS	Card 1	4622	Barron's 800 High-Frequency GRE Word List
HYPERBOLE	Card 1	4623	Barron's 800 High-Frequency GRE Word List
ICONOCLASTIC	Card 1	4624	Barron's 800 High-Frequency GRE Word List
IDOLATRY	Card 1	4625	Barron's 800 High-Frequency GRE Word List
IGNEOUS	Card 1	4626	Barron's 800 High-Frequency GRE Word List
IMBROGLIO	Card 1	4627	Barron's 800 High-Frequency GRE Word List
IMMUTABLE	Card 1	4628	Barron's 800 High-Frequency GRE Word List
IMPAIR	Card 1	4629	Barron's 800 High-Frequency GRE Word List
IMPASSIVE	Card 1	4630	Barron's 800 High-Frequency GRE Word List
IMPECUNIOUS	Card 1	4631	Barron's 800 High-Frequency GRE Word List
IMPEDE	Card 1	4632	Barron's 800 High-Frequency GRE Word List
IMPERMEABLE	Card 1	4633	Barron's 800 High-Frequency GRE Word List
IMPERTURBABLE	Card 1	4634	Barron's 800 High-Frequency GRE Word List
IMPERVIOUS	Card 1	4635	Barron's 800 High-Frequency GRE Word List
IMPINGE	Card 1	4636	Barron's 800 High-Frequency GRE Word List
IMPLACABLE	Card 1	4637	Barron's 800 High-Frequency GRE Word List
IMPLAUSIBLE	Card 1	4638	Barron's 800 High-Frequency GRE Word List
IMPLICIT	Card 1	4639	Barron's 800 High-Frequency GRE Word List
IMPLODE	Card 1	4640	Barron's 800 High-Frequency GRE Word List
IMPRECATION	Card 1	4641	Barron's 800 High-Frequency GRE Word List
IMPUTE	Card 1	4642	Barron's 800 High-Frequency GRE Word List
INADVERTENTLY	Card 1	4643	Barron's 800 High-Frequency GRE Word List
INCARNATE	Card 1	4644	Barron's 800 High-Frequency GRE Word List
INCHOATE	Card 1	4645	Barron's 800 High-Frequency GRE Word List
INCONGRUITY	Card 1	4646	Barron's 800 High-Frequency GRE Word List
INCONSEQUENTIAL	Card 1	4647	Barron's 800 High-Frequency GRE Word List
INCORPORATE	Card 1	4648	Barron's 800 High-Frequency GRE Word List
INCURSION	Card 1	4649	Barron's 800 High-Frequency GRE Word List
INDETERMINATE	Card 1	4650	Barron's 800 High-Frequency GRE Word List
INDIGENCE	Card 1	4651	Barron's 800 High-Frequency GRE Word List
INDOLENT	Card 1	4652	Barron's 800 High-Frequency GRE Word List
INELUCTABLE	Card 1	4653	Barron's 800 High-Frequency GRE Word List
INERT	Card 1	4654	Barron's 800 High-Frequency GRE Word List
INERTIA	Card 1	5057	Barron's 800 High-Frequency GRE Word List
INGENUOUS	Card 1	4655	Barron's 800 High-Frequency GRE Word List
INHERENT	Card 1	4656	Barron's 800 High-Frequency GRE Word List
INNOCUOUS	Card 1	4657	Barron's 800 High-Frequency GRE Word List
INSENSIBLE	Card 1	4658	Barron's 800 High-Frequency GRE Word List
INSINUATE	Card 1	4659	Barron's 800 High-Frequency GRE Word List
INSIPID	Card 1	4660	Barron's 800 High-Frequency GRE Word List
INSOUCIANT	Card 1	4661	Barron's 800 High-Frequency GRE Word List
INSULARITY	Card 1	4662	Barron's 800 High-Frequency GRE Word List
INSUPERABLE	Card 1	4663	Barron's 800 High-Frequency GRE Word List
INTANGIBLE	Card 1	4664	Barron's 800 High-Frequency GRE Word List
INTERDICT	Card 1	4665	Barron's 800 High-Frequency GRE Word List
INTERNECINE	Card 1	4666	Barron's 800 High-Frequency GRE Word List
INTERPOLATE	Card 1	4667	Barron's 800 High-Frequency GRE Word List
INTERREGNUM	Card 1	4668	Barron's 800 High-Frequency GRE Word List
INTIMATE	Card 1	4669	Barron's 800 High-Frequency GRE Word List
INTRACTABLE	Card 1	4670	Barron's 800 High-Frequency GRE Word List
INTRANSIGENCE	Card 1	4671	Barron's 800 High-Frequency GRE Word List
INTROSPECTIVE	Card 1	4672	Barron's 800 High-Frequency GRE Word List
INUNDATE	Card 1	4673	Barron's 800 High-Frequency GRE Word List
INURED	Card 1	4674	Barron's 800 High-Frequency GRE Word List
INVECTIVE	Card 1	4675	Barron's 800 High-Frequency GRE Word List
INVEIGH	Card 1	4676	Barron's 800 High-Frequency GRE Word List
INVEIGLE	Card 1	4677	Barron's 800 High-Frequency GRE Word List
INVETERATE	Card 1	4678	Barron's 800 High-Frequency GRE Word List
INVIDIOUS	Card 1	4679	Barron's 800 High-Frequency GRE Word List
IRASCIBLE	Card 1	4680	Barron's 800 High-Frequency GRE Word List
IRRESOLUTE	Card 1	4681	Barron's 800 High-Frequency GRE Word List
ITINERANT	Card 1	4682	Barron's 800 High-Frequency GRE Word List
ITINERARY	Card 1	4683	Barron's 800 High-Frequency GRE Word List
JAUNDICED	Card 1	4684	Barron's 800 High-Frequency GRE Word List
JIBE	Card 1	4685	Barron's 800 High-Frequency GRE Word List
JOCOSE	Card 1	4686	Barron's 800 High-Frequency GRE Word List
JUGGERNAUT	Card 1	4687	Barron's 800 High-Frequency GRE Word List
JUNTA	Card 1	4688	Barron's 800 High-Frequency GRE Word List
JUXTAPOSE	Card 1	4689	Barron's 800 High-Frequency GRE Word List
KUDOS	Card 1	4690	Barron's 800 High-Frequency GRE Word List
LABILE	Card 1	4691	Barron's 800 High-Frequency GRE Word List
LACONIC	Card 1	4692	Barron's 800 High-Frequency GRE Word List
LAMBASTE	Card 1	4693	Barron's 800 High-Frequency GRE Word List
LASCIVIOUS	Card 1	4694	Barron's 800 High-Frequency GRE Word List
LASSITUDE	Card 1	4695	Barron's 800 High-Frequency GRE Word List
LATENT	Card 1	4696	Barron's 800 High-Frequency GRE Word List
LAUD	Card 1	4697	Barron's 800 High-Frequency GRE Word List
LETHARGIC	Card 1	4698	Barron's 800 High-Frequency GRE Word List
LEVEE	Card 1	4699	Barron's 800 High-Frequency GRE Word List
LEVITY	Card 1	4700	Barron's 800 High-Frequency GRE Word List
LIBERAL	Card 1	4701	Barron's 800 High-Frequency GRE Word List
LIBERTINE	Card 1	4702	Barron's 800 High-Frequency GRE Word List
LIBIDO	Card 1	4703	Barron's 800 High-Frequency GRE Word List
LILLIPUTIAN	Card 1	4704	Barron's 800 High-Frequency GRE Word List
LIMN	Card 1	4705	Barron's 800 High-Frequency GRE Word List
LIMPID	Card 1	4706	Barron's 800 High-Frequency GRE Word List
LINGUISTIC	Card 1	4707	Barron's 800 High-Frequency GRE Word List
LITANY	Card 1	4708	Barron's 800 High-Frequency GRE Word List
LITERATI	Card 1	4709	Barron's 800 High-Frequency GRE Word List
LITIGATION	Card 1	4710	Barron's 800 High-Frequency GRE Word List
LOG	Card 1	4711	Barron's 800 High-Frequency GRE Word List
LOQUACIOUS	Card 1	4712	Barron's 800 High-Frequency GRE Word List
LUCID	Card 1	4713	Barron's 800 High-Frequency GRE Word List
LUCRE	Card 1	4714	Barron's 800 High-Frequency GRE Word List
LUMINOUS	Card 1	4715	Barron's 800 High-Frequency GRE Word List
LUSTROUS	Card 1	4716	Barron's 800 High-Frequency GRE Word List
MACHIAVELLIAN	Card 1	4717	Barron's 800 High-Frequency GRE Word List
MACHINATIONS	Card 1	4718	Barron's 800 High-Frequency GRE Word List
MAELSTROM	Card 1	4719	Barron's 800 High-Frequency GRE Word List
MAGNANIMITY	Card 1	4720	Barron's 800 High-Frequency GRE Word List
MALIGN	Card 1	4721	Barron's 800 High-Frequency GRE Word List
MALINGER	Card 1	4722	Barron's 800 High-Frequency GRE Word List
MALLEABLE	Card 1	4723	Barron's 800 High-Frequency GRE Word List
MAVERICK	Card 1	4724	Barron's 800 High-Frequency GRE Word List
MEGALOMANIA	Card 1	4725	Barron's 800 High-Frequency GRE Word List
MENAGERIE	Card 1	4726	Barron's 800 High-Frequency GRE Word List
MENDACIOUS	Card 1	4727	Barron's 800 High-Frequency GRE Word List
MENDICANT	Card 1	4728	Barron's 800 High-Frequency GRE Word List
MERETRICIOUS	Card 1	4729	Barron's 800 High-Frequency GRE Word List
MESMERIZE	Card 1	4730	Barron's 800 High-Frequency GRE Word List
METAMORPHOSIS	Card 1	4731	Barron's 800 High-Frequency GRE Word List
METAPHYSICS	Card 1	4732	Barron's 800 High-Frequency GRE Word List
METEOROLOGICAL	Card 1	4733	Barron's 800 High-Frequency GRE Word List
METICULOUS	Card 1	4734	Barron's 800 High-Frequency GRE Word List
METTLE	Card 1	4735	Barron's 800 High-Frequency GRE Word List
METTLESOME	Card 1	4736	Barron's 800 High-Frequency GRE Word List
MICROCOSM	Card 1	4737	Barron's 800 High-Frequency GRE Word List
MILITATE	Card 1	4738	Barron's 800 High-Frequency GRE Word List
MINATORY	Card 1	4739	Barron's 800 High-Frequency GRE Word List
MINUSCULE	Card 1	4740	Barron's 800 High-Frequency GRE Word List
MINUTIA	Card 1	4741	Barron's 800 High-Frequency GRE Word List
MISANTHROPE	Card 1	4742	Barron's 800 High-Frequency GRE Word List
MISCELLANY	Card 1	4743	Barron's 800 High-Frequency GRE Word List
MISCREANT	Card 1	4744	Barron's 800 High-Frequency GRE Word List
MISOGYNIST	Card 1	4745	Barron's 800 High-Frequency GRE Word List
MITIGATE	Card 1	4746	Barron's 800 High-Frequency GRE Word List
MNEMONIC	Card 1	4747	Barron's 800 High-Frequency GRE Word List
MODICUM	Card 1	4748	Barron's 800 High-Frequency GRE Word List
MOLLIFY	Card 1	4749	Barron's 800 High-Frequency GRE Word List
MONOLITHIC	Card 1	4750	Barron's 800 High-Frequency GRE Word List
MOROSE	Card 1	4751	Barron's 800 High-Frequency GRE Word List
MOTLEY	Card 1	4752	Barron's 800 High-Frequency GRE Word List
MULTIFARIOUS	Card 1	4753	Barron's 800 High-Frequency GRE Word List
MUNDANE	Card 1	4754	Barron's 800 High-Frequency GRE Word List
NECROMANCY	Card 1	4755	Barron's 800 High-Frequency GRE Word List
NEGATE	Card 1	4756	Barron's 800 High-Frequency GRE Word List
NEOLOGISM	Card 1	4757	Barron's 800 High-Frequency GRE Word List
NEOPHYTE	Card 1	4758	Barron's 800 High-Frequency GRE Word List
NEXUS	Card 1	4759	Barron's 800 High-Frequency GRE Word List
NONPLUSSED	Card 1	4760	Barron's 800 High-Frequency GRE Word List
NOSTALGIA	Card 1	4761	Barron's 800 High-Frequency GRE Word List
NOSTRUM	Card 1	4762	Barron's 800 High-Frequency GRE Word List
NUGATORY	Card 1	4763	Barron's 800 High-Frequency GRE Word List
OBDURATE	Card 1	4764	Barron's 800 High-Frequency GRE Word List
OBSEQUIOUS	Card 1	4765	Barron's 800 High-Frequency GRE Word List
OBSEQUY	Card 1	4766	Barron's 800 High-Frequency GRE Word List
OBVIATE	Card 1	4767	Barron's 800 High-Frequency GRE Word List
OCCLUDE	Card 1	4768	Barron's 800 High-Frequency GRE Word List
OCCULT	Card 1	4769	Barron's 800 High-Frequency GRE Word List
ODYSSEY	Card 1	4770	Barron's 800 High-Frequency GRE Word List
OFFICIOUS	Card 1	4771	Barron's 800 High-Frequency GRE Word List
OLFACTORY	Card 1	4772	Barron's 800 High-Frequency GRE Word List
OLIGARCHY	Card 1	4773	Barron's 800 High-Frequency GRE Word List
ONEROUS	Card 1	4774	Barron's 800 High-Frequency GRE Word List
ONOMATOPOEIA	Card 1	4775	Barron's 800 High-Frequency GRE Word List
OPPROBRIUM	Card 1	4776	Barron's 800 High-Frequency GRE Word List
ORNITHOLOGIST	Card 1	4777	Barron's 800 High-Frequency GRE Word List
OSCILLATE	Card 1	4778	Barron's 800 High-Frequency GRE Word List
OSTENTATIOUS	Card 1	4779	Barron's 800 High-Frequency GRE Word List
OVERWEENING	Card 1	4780	Barron's 800 High-Frequency GRE Word List
PAEAN	Card 1	4781	Barron's 800 High-Frequency GRE Word List
PALEONTOLOGY	Card 1	4782	Barron's 800 High-Frequency GRE Word List
PALLID	Card 1	4783	Barron's 800 High-Frequency GRE Word List
PANEGYRIC	Card 1	4784	Barron's 800 High-Frequency GRE Word List
PARAGON	Card 1	4785	Barron's 800 High-Frequency GRE Word List
PARTISAN	Card 1	4786	Barron's 800 High-Frequency GRE Word List
PATHOLOGICAL	Card 1	4787	Barron's 800 High-Frequency GRE Word List
PATHOS	Card 1	5058	Barron's 800 High-Frequency GRE Word List
PATOIS	Card 1	4788	Barron's 800 High-Frequency GRE Word List
PAUCITY	Card 1	4789	Barron's 800 High-Frequency GRE Word List
PEDANT	Card 1	5059	Barron's 800 High-Frequency GRE Word List
PEDANTIC	Card 1	4790	Barron's 800 High-Frequency GRE Word List
PELLUCID	Card 1	4791	Barron's 800 High-Frequency GRE Word List
PENCHANT	Card 1	4792	Barron's 800 High-Frequency GRE Word List
PENURTY	Card 1	4793	Barron's 800 High-Frequency GRE Word List
PEREGRINATION	Card 1	4794	Barron's 800 High-Frequency GRE Word List
PEREMPTORY	Card 1	4795	Barron's 800 High-Frequency GRE Word List
PERENNIAL	Card 1	4796	Barron's 800 High-Frequency GRE Word List
PERFIDIOUS	Card 1	4797	Barron's 800 High-Frequency GRE Word List
PERFUNCTORY	Card 1	4798	Barron's 800 High-Frequency GRE Word List
PERIGEE	Card 1	4799	Barron's 800 High-Frequency GRE Word List
PERMEABLE	Card 1	4800	Barron's 800 High-Frequency GRE Word List
PERTURB	Card 1	4801	Barron's 800 High-Frequency GRE Word List
PERVASIVE	Card 1	4802	Barron's 800 High-Frequency GRE Word List
PETULANT	Card 1	4803	Barron's 800 High-Frequency GRE Word List
PHLEGMATIC	Card 1	4804	Barron's 800 High-Frequency GRE Word List
PHOENIX	Card 1	4805	Barron's 800 High-Frequency GRE Word List
PHYSIOGNOMY	Card 1	4806	Barron's 800 High-Frequency GRE Word List
PIETY	Card 1	4807	Barron's 800 High-Frequency GRE Word List
PIQUANT	Card 1	4808	Barron's 800 High-Frequency GRE Word List
PIQUE	Card 1	4809	Barron's 800 High-Frequency GRE Word List
PLACATE	Card 1	4810	Barron's 800 High-Frequency GRE Word List
PLACID	Card 1	4811	Barron's 800 High-Frequency GRE Word List
PLAINTIVE	Card 1	4812	Barron's 800 High-Frequency GRE Word List
PLASTICITY	Card 1	4813	Barron's 800 High-Frequency GRE Word List
PLATITUDE	Card 1	4814	Barron's 800 High-Frequency GRE Word List
PLATONIC	Card 1	4815	Barron's 800 High-Frequency GRE Word List
PLATONIC	Card 1	5050	Barron's 800 High-Frequency GRE Word List
PLETHORA	Card 1	4816	Barron's 800 High-Frequency GRE Word List
PLUMB	Card 1	4817	Barron's 800 High-Frequency GRE Word List
PLUME	Card 1	4818	Barron's 800 High-Frequency GRE Word List
PLUMMET	Card 1	4819	Barron's 800 High-Frequency GRE Word List
PLUTOCRACY	Card 1	4820	Barron's 800 High-Frequency GRE Word List
POROUS	Card 1	4821	Barron's 800 High-Frequency GRE Word List
POSEUR	Card 1	4822	Barron's 800 High-Frequency GRE Word List
PRAGMATIC	Card 1	4823	Barron's 800 High-Frequency GRE Word List
PRATE	Card 1	4824	Barron's 800 High-Frequency GRE Word List
PRATTLE	Card 1	4825	Barron's 800 High-Frequency GRE Word List
PREAMBLE	Card 1	4826	Barron's 800 High-Frequency GRE Word List
PRECARIOUS	Card 1	4827	Barron's 800 High-Frequency GRE Word List
PRECEPT	Card 1	4828	Barron's 800 High-Frequency GRE Word List
PRECIPITATE	Card 1	4829	Barron's 800 High-Frequency GRE Word List
PRECURSOR	Card 1	4830	Barron's 800 High-Frequency GRE Word List
PREEMPT	Card 1	4831	Barron's 800 High-Frequency GRE Word List
PREHENSILE	Card 1	4832	Barron's 800 High-Frequency GRE Word List
PREMONITION	Card 1	4833	Barron's 800 High-Frequency GRE Word List
PRESAGE	Card 1	4834	Barron's 800 High-Frequency GRE Word List
PRESUMPTUOUS	Card 1	4835	Barron's 800 High-Frequency GRE Word List
PRETERNATURAL	Card 1	4836	Barron's 800 High-Frequency GRE Word List
PREVARICATE	Card 1	4837	Barron's 800 High-Frequency GRE Word List
PRIMORDIAL	Card 1	4838	Barron's 800 High-Frequency GRE Word List
PRISTINE	Card 1	4839	Barron's 800 High-Frequency GRE Word List
PROBITY	Card 1	4840	Barron's 800 High-Frequency GRE Word List
PROBLEMATIC	Card 1	4841	Barron's 800 High-Frequency GRE Word List
PRODIGAL	Card 1	4842	Barron's 800 High-Frequency GRE Word List
PROFOUND	Card 1	4843	Barron's 800 High-Frequency GRE Word List
PROHIBITIVE	Card 1	4844	Barron's 800 High-Frequency GRE Word List
PROLIFERATE	Card 1	4845	Barron's 800 High-Frequency GRE Word List
PROPENSITY	Card 1	4847	Barron's 800 High-Frequency GRE Word List
PROPITIATE	Card 1	4846	Barron's 800 High-Frequency GRE Word List
PROPRIETY	Card 1	4848	Barron's 800 High-Frequency GRE Word List
PROSCRIBE	Card 1	4849	Barron's 800 High-Frequency GRE Word List
PROVIDENT	Card 1	4850	Barron's 800 High-Frequency GRE Word List
PUISSANT	Card 1	4851	Barron's 800 High-Frequency GRE Word List
PUNCTILIOUS	Card 1	4852	Barron's 800 High-Frequency GRE Word List
PUNGENT	Card 1	4853	Barron's 800 High-Frequency GRE Word List
PURPORT	Card 1	4854	Barron's 800 High-Frequency GRE Word List
PUSILLANIMOUS	Card 1	4855	Barron's 800 High-Frequency GRE Word List
QUAGMIRE	Card 1	4856	Barron's 800 High-Frequency GRE Word List
QUAIL	Card 1	4857	Barron's 800 High-Frequency GRE Word List
QUALIFIED	Card 1	4858	Barron's 800 High-Frequency GRE Word List
QUALM	Card 1	4859	Barron's 800 High-Frequency GRE Word List
QUERY	Card 1	4860	Barron's 800 High-Frequency GRE Word List
QUIBBLE	Card 1	4861	Barron's 800 High-Frequency GRE Word List
QUIESCENT	Card 1	4862	Barron's 800 High-Frequency GRE Word List
QUORUM	Card 1	4863	Barron's 800 High-Frequency GRE Word List
RACONTEUR	Card 1	4864	Barron's 800 High-Frequency GRE Word List
RAIL	Card 1	4865	Barron's 800 High-Frequency GRE Word List
RAIMENT	Card 1	4866	Barron's 800 High-Frequency GRE Word List
RAMIFICATION	Card 1	4867	Barron's 800 High-Frequency GRE Word List
RAREFIED	Card 1	4868	Barron's 800 High-Frequency GRE Word List
RATIONALE	Card 1	4869	Barron's 800 High-Frequency GRE Word List
REBUS	Card 1	4870	Barron's 800 High-Frequency GRE Word List
RECALCITRANT	Card 1	4871	Barron's 800 High-Frequency GRE Word List
RECANT	Card 1	4872	Barron's 800 High-Frequency GRE Word List
RECLUSE	Card 1	4873	Barron's 800 High-Frequency GRE Word List
RECONDITE	Card 1	4874	Barron's 800 High-Frequency GRE Word List
REDOUBTABLE	Card 1	4875	Barron's 800 High-Frequency GRE Word List
REDUCTIONISTIC	Card 1	5056	Barron's 800 High-Frequency GRE Word List
REFRACT	Card 1	4877	Barron's 800 High-Frequency GRE Word List
REFRACTORY	Card 1	4876	Barron's 800 High-Frequency GRE Word List
REFULGENT	Card 1	4878	Barron's 800 High-Frequency GRE Word List
REFUTE	Card 1	4879	Barron's 800 High-Frequency GRE Word List
REGALE	Card 1	4880	Barron's 800 High-Frequency GRE Word List
RELEGATE	Card 1	4881	Barron's 800 High-Frequency GRE Word List
REMONSTRATE	Card 1	4882	Barron's 800 High-Frequency GRE Word List
RENEGE	Card 1	4883	Barron's 800 High-Frequency GRE Word List
REPARATION	Card 1	4884	Barron's 800 High-Frequency GRE Word List
REPINE	Card 1	4885	Barron's 800 High-Frequency GRE Word List
REPRISE	Card 1	4886	Barron's 800 High-Frequency GRE Word List
REPROACH	Card 1	4887	Barron's 800 High-Frequency GRE Word List
REPROBATE	Card 1	4888	Barron's 800 High-Frequency GRE Word List
REPUDIATE	Card 1	4889	Barron's 800 High-Frequency GRE Word List
RESCIND	Card 1	4890	Barron's 800 High-Frequency GRE Word List
RESOLUTION	Card 1	4891	Barron's 800 High-Frequency GRE Word List
RESOLVE	Card 1	4892	Barron's 800 High-Frequency GRE Word List
RETICENT	Card 1	4893	Barron's 800 High-Frequency GRE Word List
REVERENT	Card 1	4894	Barron's 800 High-Frequency GRE Word List
RIPOSTE	Card 1	4895	Barron's 800 High-Frequency GRE Word List
ROCOCO	Card 1	4896	Barron's 800 High-Frequency GRE Word List
RUBRIC	Card 1	4897	Barron's 800 High-Frequency GRE Word List
RUE	Card 1	4898	Barron's 800 High-Frequency GRE Word List
RUSE	Card 1	4899	Barron's 800 High-Frequency GRE Word List
SAGE	Card 1	4900	Barron's 800 High-Frequency GRE Word List
SALACIOUS	Card 1	4901	Barron's 800 High-Frequency GRE Word List
SALUBRIOUS	Card 1	4902	Barron's 800 High-Frequency GRE Word List
SALUTARY	Card 1	4903	Barron's 800 High-Frequency GRE Word List
SANCTION	Card 1	4904	Barron's 800 High-Frequency GRE Word List
SARDONIC	Card 1	4905	Barron's 800 High-Frequency GRE Word List
SARTORIAL	Card 1	4906	Barron's 800 High-Frequency GRE Word List
SATIATE	Card 1	4907	Barron's 800 High-Frequency GRE Word List
SATURATE	Card 1	4908	Barron's 800 High-Frequency GRE Word List
SATURNINE	Card 1	4909	Barron's 800 High-Frequency GRE Word List
SATYR	Card 1	4910	Barron's 800 High-Frequency GRE Word List
SAVOR	Card 1	4911	Barron's 800 High-Frequency GRE Word List
SCHEMATIC	Card 1	4912	Barron's 800 High-Frequency GRE Word List
SECRETE	Card 1	4913	Barron's 800 High-Frequency GRE Word List
SEDITION	Card 1	4914	Barron's 800 High-Frequency GRE Word List
SEDULOUS	Card 1	4915	Barron's 800 High-Frequency GRE Word List
SEISMIC	Card 1	4916	Barron's 800 High-Frequency GRE Word List
SENSUAL	Card 1	4917	Barron's 800 High-Frequency GRE Word List
SENSUOUS	Card 1	4918	Barron's 800 High-Frequency GRE Word List
SENTIENT	Card 1	4919	Barron's 800 High-Frequency GRE Word List
SERVILE	Card 1	4920	Barron's 800 High-Frequency GRE Word List
SEXTANT	Card 1	4921	Barron's 800 High-Frequency GRE Word List
SHARD	Card 1	4922	Barron's 800 High-Frequency GRE Word List
SIDEREAL	Card 1	4923	Barron's 800 High-Frequency GRE Word List
SIMIAN	Card 1	4924	Barron's 800 High-Frequency GRE Word List
SIMILE	Card 1	4925	Barron's 800 High-Frequency GRE Word List
SINECURE	Card 1	4926	Barron's 800 High-Frequency GRE Word List
SINGULAR	Card 1	4927	Barron's 800 High-Frequency GRE Word List
SINUOUS	Card 1	4928	Barron's 800 High-Frequency GRE Word List
SKEPTIC	Card 1	4929	Barron's 800 High-Frequency GRE Word List
SOBRIETY	Card 1	4930	Barron's 800 High-Frequency GRE Word List
SODDEN	Card 1	4931	Barron's 800 High-Frequency GRE Word List
SOLICITOUS	Card 1	4932	Barron's 800 High-Frequency GRE Word List
SOLILOQUY	Card 1	4933	Barron's 800 High-Frequency GRE Word List
SOLVENT	Card 1	4934	Barron's 800 High-Frequency GRE Word List
SOMATIC	Card 1	4935	Barron's 800 High-Frequency GRE Word List
SOPORIFIC	Card 1	4936	Barron's 800 High-Frequency GRE Word List
SORDID	Card 1	4937	Barron's 800 High-Frequency GRE Word List
SPECIOUS	Card 1	4938	Barron's 800 High-Frequency GRE Word List
SPECTRUM	Card 1	4939	Barron's 800 High-Frequency GRE Word List
SPENDTHRIFT	Card 1	4940	Barron's 800 High-Frequency GRE Word List
SPORADIC	Card 1	4941	Barron's 800 High-Frequency GRE Word List
SQUALOR	Card 1	4942	Barron's 800 High-Frequency GRE Word List
STACCATO	Card 1	4943	Barron's 800 High-Frequency GRE Word List
STANCH	Card 1	4944	Barron's 800 High-Frequency GRE Word List
STENTORIAN	Card 1	4945	Barron's 800 High-Frequency GRE Word List
STIGMA	Card 1	4946	Barron's 800 High-Frequency GRE Word List
STINT	Card 1	4947	Barron's 800 High-Frequency GRE Word List
STIPULATE	Card 1	4948	Barron's 800 High-Frequency GRE Word List
STOLID	Card 1	4949	Barron's 800 High-Frequency GRE Word List
STRATIFIED	Card 1	4950	Barron's 800 High-Frequency GRE Word List
STRIATED	Card 1	4951	Barron's 800 High-Frequency GRE Word List
STRICTURE	Card 1	4952	Barron's 800 High-Frequency GRE Word List
STRIDENT	Card 1	4953	Barron's 800 High-Frequency GRE Word List
STRUT	Card 1	4954	Barron's 800 High-Frequency GRE Word List
STULTIFY	Card 1	4955	Barron's 800 High-Frequency GRE Word List
STUPEFY	Card 1	4956	Barron's 800 High-Frequency GRE Word List
STYGIAN	Card 1	4957	Barron's 800 High-Frequency GRE Word List
SUBPOENA	Card 1	4958	Barron's 800 High-Frequency GRE Word List
SUBSIDE	Card 1	4959	Barron's 800 High-Frequency GRE Word List
SUBSTANTIATE	Card 1	4960	Barron's 800 High-Frequency GRE Word List
SUBSTANTIVE	Card 1	4961	Barron's 800 High-Frequency GRE Word List
SUBSUME	Card 1	4962	Barron's 800 High-Frequency GRE Word List
SUBVERSIVE	Card 1	4963	Barron's 800 High-Frequency GRE Word List
SUCCOR	Card 1	4964	Barron's 800 High-Frequency GRE Word List
SUFFRAGE	Card 1	4965	Barron's 800 High-Frequency GRE Word List
SUNDRY	Card 1	4966	Barron's 800 High-Frequency GRE Word List
SUPERSEDE	Card 1	4967	Barron's 800 High-Frequency GRE Word List
SUPINE	Card 1	4968	Barron's 800 High-Frequency GRE Word List
SUPPLANT	Card 1	4969	Barron's 800 High-Frequency GRE Word List
SUPPLIANT	Card 1	4970	Barron's 800 High-Frequency GRE Word List
SUPPLICANT	Card 1	4971	Barron's 800 High-Frequency GRE Word List
SUPPOSITION	Card 1	4972	Barron's 800 High-Frequency GRE Word List
SYLLOGISM	Card 1	4973	Barron's 800 High-Frequency GRE Word List
SYLVAN	Card 1	4974	Barron's 800 High-Frequency GRE Word List
TACIT	Card 1	4975	Barron's 800 High-Frequency GRE Word List
TALISMAN	Card 1	4976	Barron's 800 High-Frequency GRE Word List
TANGENTIAL	Card 1	4977	Barron's 800 High-Frequency GRE Word List
TAUTOLOGY	Card 1	4978	Barron's 800 High-Frequency GRE Word List
TAXONOMY	Card 1	4979	Barron's 800 High-Frequency GRE Word List
TENET	Card 1	4980	Barron's 800 High-Frequency GRE Word List
TENUOUS	Card 1	4981	Barron's 800 High-Frequency GRE Word List
TERRESTRIAL	Card 1	4982	Barron's 800 High-Frequency GRE Word List
THEOCRACY	Card 1	4983	Barron's 800 High-Frequency GRE Word List
THESPIAN	Card 1	4984	Barron's 800 High-Frequency GRE Word List
TIMBRE	Card 1	4985	Barron's 800 High-Frequency GRE Word List
TIRADE	Card 1	4986	Barron's 800 High-Frequency GRE Word List
TOADY	Card 1	4987	Barron's 800 High-Frequency GRE Word List
TOME	Card 1	4988	Barron's 800 High-Frequency GRE Word List
TORPOR	Card 1	4989	Barron's 800 High-Frequency GRE Word List
TORQUE	Card 1	4990	Barron's 800 High-Frequency GRE Word List
TORTUOUS	Card 1	4991	Barron's 800 High-Frequency GRE Word List
TOUT	Card 1	4992	Barron's 800 High-Frequency GRE Word List
TRACTABLE	Card 1	4993	Barron's 800 High-Frequency GRE Word List
TRANSGRESSION	Card 1	4994	Barron's 800 High-Frequency GRE Word List
TRANSIENT	Card 1	4995	Barron's 800 High-Frequency GRE Word List
TRANSLUCENT	Card 1	4996	Barron's 800 High-Frequency GRE Word List
TRAVAIL	Card 1	4997	Barron's 800 High-Frequency GRE Word List
TRAVESTY	Card 1	4998	Barron's 800 High-Frequency GRE Word List
TREATISE	Card 1	4999	Barron's 800 High-Frequency GRE Word List
TREMULOUS	Card 1	5000	Barron's 800 High-Frequency GRE Word List
TREPIDATION	Card 1	5001	Barron's 800 High-Frequency GRE Word List
TRUCULENCE	Card 1	5002	Barron's 800 High-Frequency GRE Word List
TRYST	Card 1	5003	Barron's 800 High-Frequency GRE Word List
TUMID	Card 1	5005	Barron's 800 High-Frequency GRE Word List
TURBID	Card 1	5006	Barron's 800 High-Frequency GRE Word List
TURGID	Card 1	5007	Barron's 800 High-Frequency GRE Word List
TUTELARY	Card 1	5008	Barron's 800 High-Frequency GRE Word List
UNCANNY	Card 1	5009	Barron's 800 High-Frequency GRE Word List
UNDULATING	Card 1	5010	Barron's 800 High-Frequency GRE Word List
UNFEIGNED	Card 1	5011	Barron's 800 High-Frequency GRE Word List
UNTENABLE	Card 1	5012	Barron's 800 High-Frequency GRE Word List
UNTOWARD	Card 1	5013	Barron's 800 High-Frequency GRE Word List
USURY	Card 1	5014	Barron's 800 High-Frequency GRE Word List
VACILLATE	Card 1	5015	Barron's 800 High-Frequency GRE Word List
VACUOUS	Card 1	5016	Barron's 800 High-Frequency GRE Word List
VALEDICTORY	Card 1	5017	Barron's 800 High-Frequency GRE Word List
VAPID	Card 1	5018	Barron's 800 High-Frequency GRE Word List
VARIEGATED	Card 1	5019	Barron's 800 High-Frequency GRE Word List
VAUNT	Card 1	5020	Barron's 800 High-Frequency GRE Word List
VENAL	Card 1	5021	Barron's 800 High-Frequency GRE Word List
VENDETTA	Card 1	5022	Barron's 800 High-Frequency GRE Word List
VENERATE	Card 1	5023	Barron's 800 High-Frequency GRE Word List
VERACIOUS	Card 1	5024	Barron's 800 High-Frequency GRE Word List
VERBOSE	Card 1	5025	Barron's 800 High-Frequency GRE Word List
VERTIGO	Card 1	5026	Barron's 800 High-Frequency GRE Word List
VEXATION	Card 1	5027	Barron's 800 High-Frequency GRE Word List
VIABLE	Card 1	5028	Barron's 800 High-Frequency GRE Word List
VINDICTIVE	Card 1	5029	Barron's 800 High-Frequency GRE Word List
VIRTUOSO	Card 1	5030	Barron's 800 High-Frequency GRE Word List
VISAGE	Card 1	5031	Barron's 800 High-Frequency GRE Word List
VISCOUS	Card 1	5032	Barron's 800 High-Frequency GRE Word List
VITIATE	Card 1	5033	Barron's 800 High-Frequency GRE Word List
VITUPERATIVE	Card 1	5034	Barron's 800 High-Frequency GRE Word List
VIVISECTION	Card 1	5035	Barron's 800 High-Frequency GRE Word List
VOGUE	Card 1	5036	Barron's 800 High-Frequency GRE Word List
VOLATILE	Card 1	5037	Barron's 800 High-Frequency GRE Word List
VORTEX	Card 1	5038	Barron's 800 High-Frequency GRE Word List
WARRANTED	Card 1	5039	Barron's 800 High-Frequency GRE Word List
WARY	Card 1	5040	Barron's 800 High-Frequency GRE Word List
WELTER	Card 1	5041	Barron's 800 High-Frequency GRE Word List
WHIMSICAL	Card 1	5042	Barron's 800 High-Frequency GRE Word List
WHIMSY	Card 1	5043	Barron's 800 High-Frequency GRE Word List
WISTFUL	Card 1	5044	Barron's 800 High-Frequency GRE Word List
ZEALOT	Card 1	5045	Barron's 800 High-Frequency GRE Word List
ZEALOTRY	Card 1	5046	Barron's 800 High-Frequency GRE Word List
