Abberrant	Card 1	1071	Magoosh GRE JH Improved By Adhocmaster
aberration	Card 1	1072	Magoosh GRE JH Improved By Adhocmaster
abjure	Card 1	704	Magoosh GRE JH Improved By Adhocmaster
aboveboard	Card 1	328	Magoosh GRE JH Improved By Adhocmaster
abrogate	Card 1	705	Magoosh GRE JH Improved By Adhocmaster
abstain	Card 1	1073	Magoosh GRE JH Improved By Adhocmaster
abstruse	Card 1	1074	Magoosh GRE JH Improved By Adhocmaster
abysmal	Card 1	329	Magoosh GRE JH Improved By Adhocmaster
accolade	Card 1	1075	Magoosh GRE JH Improved By Adhocmaster
acerbic	Card 1	1076	Magoosh GRE JH Improved By Adhocmaster
acme	Card 1	330	Magoosh GRE JH Improved By Adhocmaster
acrimony	Card 1	1077	Magoosh GRE JH Improved By Adhocmaster
adamant	Card 1	1078	Magoosh GRE JH Improved By Adhocmaster
adjudicate	Card 1	706	Magoosh GRE JH Improved By Adhocmaster
admonish	Card 1	1079	Magoosh GRE JH Improved By Adhocmaster
admonitory	Card 1	1080	Magoosh GRE JH Improved By Adhocmaster
advocate	Card 1	331	Magoosh GRE JH Improved By Adhocmaster
advocate	Card 1	332	Magoosh GRE JH Improved By Adhocmaster
aesthete	Card 1	1081	Magoosh GRE JH Improved By Adhocmaster
aesthetic	Card 1	1082	Magoosh GRE JH Improved By Adhocmaster
aesthetic	Card 1	1083	Magoosh GRE JH Improved By Adhocmaster
affable	Card 1	333	Magoosh GRE JH Improved By Adhocmaster
affluent	Card 1	334	Magoosh GRE JH Improved By Adhocmaster
afford	Card 1	707	Magoosh GRE JH Improved By Adhocmaster
alacrity	Card 1	708	Magoosh GRE JH Improved By Adhocmaster
altruism	Card 1	335	Magoosh GRE JH Improved By Adhocmaster
amalgam	Card 1	1084	Magoosh GRE JH Improved By Adhocmaster
ambiguous	Card 1	1085	Magoosh GRE JH Improved By Adhocmaster
ambivalent	Card 1	1086	Magoosh GRE JH Improved By Adhocmaster
ameliorate	Card 1	1087	Magoosh GRE JH Improved By Adhocmaster
amenable	Card 1	1088	Magoosh GRE JH Improved By Adhocmaster
amiable	Card 1	336	Magoosh GRE JH Improved By Adhocmaster
amorphous	Card 1	1089	Magoosh GRE JH Improved By Adhocmaster
amply	Card 1	337	Magoosh GRE JH Improved By Adhocmaster
amuck	Card 1	338	Magoosh GRE JH Improved By Adhocmaster
anachronism	Card 1	709	Magoosh GRE JH Improved By Adhocmaster
analogous	Card 1	339	Magoosh GRE JH Improved By Adhocmaster
anathema	Card 1	710	Magoosh GRE JH Improved By Adhocmaster
anemic	Card 1	711	Magoosh GRE JH Improved By Adhocmaster
animosity	Card 1	340	Magoosh GRE JH Improved By Adhocmaster
anodyne	Card 1	712	Magoosh GRE JH Improved By Adhocmaster
anodyne	Card 1	713	Magoosh GRE JH Improved By Adhocmaster
anomalous	Card 1	1090	Magoosh GRE JH Improved By Adhocmaster
anomaly	Card 1	1091	Magoosh GRE JH Improved By Adhocmaster
antedated	Card 1	341	Magoosh GRE JH Improved By Adhocmaster
antic	Card 1	714	Magoosh GRE JH Improved By Adhocmaster
antipathy	Card 1	1092	Magoosh GRE JH Improved By Adhocmaster
antiquated	Card 1	342	Magoosh GRE JH Improved By Adhocmaster
antithetical	Card 1	1093	Magoosh GRE JH Improved By Adhocmaster
apathetic	Card 1	1094	Magoosh GRE JH Improved By Adhocmaster
apathy	Card 1	1095	Magoosh GRE JH Improved By Adhocmaster
apex	Card 1	343	Magoosh GRE JH Improved By Adhocmaster
aphorism	Card 1	344	Magoosh GRE JH Improved By Adhocmaster
aphoristic	Card 1	345	Magoosh GRE JH Improved By Adhocmaster
aplomb	Card 1	715	Magoosh GRE JH Improved By Adhocmaster
apocryphal	Card 1	1096	Magoosh GRE JH Improved By Adhocmaster
apogee	Card 1	716	Magoosh GRE JH Improved By Adhocmaster
apostate	Card 1	717	Magoosh GRE JH Improved By Adhocmaster
apothegm	Card 1	718	Magoosh GRE JH Improved By Adhocmaster
apotheosis	Card 1	719	Magoosh GRE JH Improved By Adhocmaster
appease	Card 1	1097	Magoosh GRE JH Improved By Adhocmaster
appreciable	Card 1	346	Magoosh GRE JH Improved By Adhocmaster
apprehension	Card 1	347	Magoosh GRE JH Improved By Adhocmaster
approbatory	Card 1	720	Magoosh GRE JH Improved By Adhocmaster
appropriate	Card 1	721	Magoosh GRE JH Improved By Adhocmaster
appropriate	Card 1	722	Magoosh GRE JH Improved By Adhocmaster
appurtenant	Card 1	723	Magoosh GRE JH Improved By Adhocmaster
arbitrary	Card 1	1098	Magoosh GRE JH Improved By Adhocmaster
arcane	Card 1	1099	Magoosh GRE JH Improved By Adhocmaster
arch	Card 1	724	Magoosh GRE JH Improved By Adhocmaster
archaic	Card 1	348	Magoosh GRE JH Improved By Adhocmaster
arduous	Card 1	1100	Magoosh GRE JH Improved By Adhocmaster
arrant	Card 1	725	Magoosh GRE JH Improved By Adhocmaster
arriviste	Card 1	726	Magoosh GRE JH Improved By Adhocmaster
arrogate	Card 1	727	Magoosh GRE JH Improved By Adhocmaster
artful	Card 1	1101	Magoosh GRE JH Improved By Adhocmaster
artful	Card 1	1102	Magoosh GRE JH Improved By Adhocmaster
artifice	Card 1	728	Magoosh GRE JH Improved By Adhocmaster
artless	Card 1	729	Magoosh GRE JH Improved By Adhocmaster
artlessness	Card 1	730	Magoosh GRE JH Improved By Adhocmaster
ascendancy	Card 1	349	Magoosh GRE JH Improved By Adhocmaster
ascetic	Card 1	1103	Magoosh GRE JH Improved By Adhocmaster
ascetic	Card 1	1104	Magoosh GRE JH Improved By Adhocmaster
ascribe	Card 1	350	Magoosh GRE JH Improved By Adhocmaster
askance	Card 1	1105	Magoosh GRE JH Improved By Adhocmaster
asperity	Card 1	731	Magoosh GRE JH Improved By Adhocmaster
assail	Card 1	351	Magoosh GRE JH Improved By Adhocmaster
assiduously	Card 1	732	Magoosh GRE JH Improved By Adhocmaster
assuage	Card 1	352	Magoosh GRE JH Improved By Adhocmaster
atavism	Card 1	733	Magoosh GRE JH Improved By Adhocmaster
attenuate	Card 1	734	Magoosh GRE JH Improved By Adhocmaster
audacious	Card 1	1106	Magoosh GRE JH Improved By Adhocmaster
audacity	Card 1	1107	Magoosh GRE JH Improved By Adhocmaster
augment	Card 1	353	Magoosh GRE JH Improved By Adhocmaster
auspicious	Card 1	1108	Magoosh GRE JH Improved By Adhocmaster
austere	Card 1	1109	Magoosh GRE JH Improved By Adhocmaster
austere	Card 1	1110	Magoosh GRE JH Improved By Adhocmaster
austere	Card 1	1111	Magoosh GRE JH Improved By Adhocmaster
autocratic	Card 1	735	Magoosh GRE JH Improved By Adhocmaster
autocratic	Card 1	736	Magoosh GRE JH Improved By Adhocmaster
autonomously	Card 1	354	Magoosh GRE JH Improved By Adhocmaster
avarice	Card 1	355	Magoosh GRE JH Improved By Adhocmaster
avaricious	Card 1	1112	Magoosh GRE JH Improved By Adhocmaster
avert	Card 1	356	Magoosh GRE JH Improved By Adhocmaster
avert	Card 1	357	Magoosh GRE JH Improved By Adhocmaster
avid	Card 1	358	Magoosh GRE JH Improved By Adhocmaster
badger	Card 1	359	Magoosh GRE JH Improved By Adhocmaster
baleful	Card 1	737	Magoosh GRE JH Improved By Adhocmaster
balk	Card 1	360	Magoosh GRE JH Improved By Adhocmaster
banal	Card 1	1113	Magoosh GRE JH Improved By Adhocmaster
banality	Card 1	1114	Magoosh GRE JH Improved By Adhocmaster
banish	Card 1	361	Magoosh GRE JH Improved By Adhocmaster
base	Card 1	738	Magoosh GRE JH Improved By Adhocmaster
bastardization	Card 1	739	Magoosh GRE JH Improved By Adhocmaster
beatific	Card 1	362	Magoosh GRE JH Improved By Adhocmaster
becoming	Card 1	363	Magoosh GRE JH Improved By Adhocmaster
beg	Card 1	740	Magoosh GRE JH Improved By Adhocmaster
begrudge	Card 1	364	Magoosh GRE JH Improved By Adhocmaster
begrudge	Card 1	365	Magoosh GRE JH Improved By Adhocmaster
behooves	Card 1	366	Magoosh GRE JH Improved By Adhocmaster
belie	Card 1	1115	Magoosh GRE JH Improved By Adhocmaster
belittle	Card 1	367	Magoosh GRE JH Improved By Adhocmaster
bellicose	Card 1	368	Magoosh GRE JH Improved By Adhocmaster
belligerent	Card 1	1116	Magoosh GRE JH Improved By Adhocmaster
bemoan	Card 1	741	Magoosh GRE JH Improved By Adhocmaster
benighted	Card 1	742	Magoosh GRE JH Improved By Adhocmaster
benign	Card 1	369	Magoosh GRE JH Improved By Adhocmaster
benign	Card 1	370	Magoosh GRE JH Improved By Adhocmaster
bereft	Card 1	743	Magoosh GRE JH Improved By Adhocmaster
bereft	Card 1	744	Magoosh GRE JH Improved By Adhocmaster
besiege	Card 1	371	Magoosh GRE JH Improved By Adhocmaster
besmirch	Card 1	372	Magoosh GRE JH Improved By Adhocmaster
besotted	Card 1	745	Magoosh GRE JH Improved By Adhocmaster
besotted	Card 1	746	Magoosh GRE JH Improved By Adhocmaster
betray	Card 1	1117	Magoosh GRE JH Improved By Adhocmaster
bilious	Card 1	747	Magoosh GRE JH Improved By Adhocmaster
blatant	Card 1	1118	Magoosh GRE JH Improved By Adhocmaster
bleak	Card 1	373	Magoosh GRE JH Improved By Adhocmaster
blinkered	Card 1	748	Magoosh GRE JH Improved By Adhocmaster
bolster	Card 1	1119	Magoosh GRE JH Improved By Adhocmaster
boon	Card 1	374	Magoosh GRE JH Improved By Adhocmaster
boon	Card 1	375	Magoosh GRE JH Improved By Adhocmaster
boorish	Card 1	376	Magoosh GRE JH Improved By Adhocmaster
bowdlerize	Card 1	749	Magoosh GRE JH Improved By Adhocmaster
brazen	Card 1	1120	Magoosh GRE JH Improved By Adhocmaster
bridle	Card 1	750	Magoosh GRE JH Improved By Adhocmaster
bridle	Card 1	751	Magoosh GRE JH Improved By Adhocmaster
bristle	Card 1	752	Magoosh GRE JH Improved By Adhocmaster
broadside	Card 1	753	Magoosh GRE JH Improved By Adhocmaster
bromide	Card 1	754	Magoosh GRE JH Improved By Adhocmaster
brook	Card 1	755	Magoosh GRE JH Improved By Adhocmaster
browbeat	Card 1	756	Magoosh GRE JH Improved By Adhocmaster
brusquely	Card 1	377	Magoosh GRE JH Improved By Adhocmaster
buck	Card 1	378	Magoosh GRE JH Improved By Adhocmaster
bucolic	Card 1	1121	Magoosh GRE JH Improved By Adhocmaster
bumbling	Card 1	1122	Magoosh GRE JH Improved By Adhocmaster
burgeon	Card 1	1123	Magoosh GRE JH Improved By Adhocmaster
buttress	Card 1	379	Magoosh GRE JH Improved By Adhocmaster
byzantine	Card 1	757	Magoosh GRE JH Improved By Adhocmaster
cadaverous	Card 1	380	Magoosh GRE JH Improved By Adhocmaster
callow	Card 1	758	Magoosh GRE JH Improved By Adhocmaster
calumny	Card 1	1124	Magoosh GRE JH Improved By Adhocmaster
canard	Card 1	759	Magoosh GRE JH Improved By Adhocmaster
candid	Card 1	381	Magoosh GRE JH Improved By Adhocmaster
candidness	Card 1	382	Magoosh GRE JH Improved By Adhocmaster
capitulate	Card 1	760	Magoosh GRE JH Improved By Adhocmaster
capricious	Card 1	1125	Magoosh GRE JH Improved By Adhocmaster
cardinal	Card 1	383	Magoosh GRE JH Improved By Adhocmaster
carping	Card 1	384	Magoosh GRE JH Improved By Adhocmaster
castigate	Card 1	1126	Magoosh GRE JH Improved By Adhocmaster
cataclysm	Card 1	761	Magoosh GRE JH Improved By Adhocmaster
catalyst	Card 1	385	Magoosh GRE JH Improved By Adhocmaster
catholic	Card 1	762	Magoosh GRE JH Improved By Adhocmaster
cavalier	Card 1	386	Magoosh GRE JH Improved By Adhocmaster
cede	Card 1	763	Magoosh GRE JH Improved By Adhocmaster
celerity	Card 1	764	Magoosh GRE JH Improved By Adhocmaster
censor	Card 1	387	Magoosh GRE JH Improved By Adhocmaster
censure	Card 1	1127	Magoosh GRE JH Improved By Adhocmaster
cerebral	Card 1	388	Magoosh GRE JH Improved By Adhocmaster
chagrin	Card 1	765	Magoosh GRE JH Improved By Adhocmaster
chagrin	Card 1	766	Magoosh GRE JH Improved By Adhocmaster
champion	Card 1	389	Magoosh GRE JH Improved By Adhocmaster
charlatan	Card 1	767	Magoosh GRE JH Improved By Adhocmaster
chary	Card 1	768	Magoosh GRE JH Improved By Adhocmaster
chastise	Card 1	1128	Magoosh GRE JH Improved By Adhocmaster
chauvinism	Card 1	769	Magoosh GRE JH Improved By Adhocmaster
chauvinist	Card 1	390	Magoosh GRE JH Improved By Adhocmaster
check	Card 1	391	Magoosh GRE JH Improved By Adhocmaster
check	Card 1	392	Magoosh GRE JH Improved By Adhocmaster
checkered	Card 1	393	Magoosh GRE JH Improved By Adhocmaster
chimera	Card 1	770	Magoosh GRE JH Improved By Adhocmaster
chivalrous	Card 1	394	Magoosh GRE JH Improved By Adhocmaster
choleric	Card 1	771	Magoosh GRE JH Improved By Adhocmaster
chortle	Card 1	1129	Magoosh GRE JH Improved By Adhocmaster
churlish	Card 1	772	Magoosh GRE JH Improved By Adhocmaster
circumscribe	Card 1	1130	Magoosh GRE JH Improved By Adhocmaster
circumvent	Card 1	1131	Magoosh GRE JH Improved By Adhocmaster
clemency	Card 1	395	Magoosh GRE JH Improved By Adhocmaster
coalesce	Card 1	396	Magoosh GRE JH Improved By Adhocmaster
cogent	Card 1	397	Magoosh GRE JH Improved By Adhocmaster
cohesive	Card 1	398	Magoosh GRE JH Improved By Adhocmaster
collusion	Card 1	399	Magoosh GRE JH Improved By Adhocmaster
colossal	Card 1	400	Magoosh GRE JH Improved By Adhocmaster
commendable	Card 1	401	Magoosh GRE JH Improved By Adhocmaster
commensurate	Card 1	1132	Magoosh GRE JH Improved By Adhocmaster
complacent	Card 1	402	Magoosh GRE JH Improved By Adhocmaster
complaisant	Card 1	773	Magoosh GRE JH Improved By Adhocmaster
complementary	Card 1	403	Magoosh GRE JH Improved By Adhocmaster
complicit	Card 1	774	Magoosh GRE JH Improved By Adhocmaster
compound	Card 1	404	Magoosh GRE JH Improved By Adhocmaster
concede	Card 1	1133	Magoosh GRE JH Improved By Adhocmaster
concede	Card 1	1134	Magoosh GRE JH Improved By Adhocmaster
concede	Card 1	1135	Magoosh GRE JH Improved By Adhocmaster
conciliate	Card 1	775	Magoosh GRE JH Improved By Adhocmaster
concomitant	Card 1	776	Magoosh GRE JH Improved By Adhocmaster
conducive	Card 1	405	Magoosh GRE JH Improved By Adhocmaster
conflagration	Card 1	777	Magoosh GRE JH Improved By Adhocmaster
conflate	Card 1	778	Magoosh GRE JH Improved By Adhocmaster
confound	Card 1	1136	Magoosh GRE JH Improved By Adhocmaster
confound	Card 1	1137	Magoosh GRE JH Improved By Adhocmaster
conniving	Card 1	406	Magoosh GRE JH Improved By Adhocmaster
consecrate	Card 1	407	Magoosh GRE JH Improved By Adhocmaster
conspicuous	Card 1	1138	Magoosh GRE JH Improved By Adhocmaster
constituent	Card 1	1139	Magoosh GRE JH Improved By Adhocmaster
constituent	Card 1	1140	Magoosh GRE JH Improved By Adhocmaster
constraint	Card 1	408	Magoosh GRE JH Improved By Adhocmaster
construe	Card 1	1141	Magoosh GRE JH Improved By Adhocmaster
consummate	Card 1	409	Magoosh GRE JH Improved By Adhocmaster
consummate	Card 1	410	Magoosh GRE JH Improved By Adhocmaster
contemptuous	Card 1	411	Magoosh GRE JH Improved By Adhocmaster
contentious	Card 1	779	Magoosh GRE JH Improved By Adhocmaster
contingent	Card 1	1142	Magoosh GRE JH Improved By Adhocmaster
contingent	Card 1	1143	Magoosh GRE JH Improved By Adhocmaster
contrite	Card 1	412	Magoosh GRE JH Improved By Adhocmaster
contrition	Card 1	1144	Magoosh GRE JH Improved By Adhocmaster
contrive	Card 1	1145	Magoosh GRE JH Improved By Adhocmaster
conundrum	Card 1	413	Magoosh GRE JH Improved By Adhocmaster
convivial	Card 1	414	Magoosh GRE JH Improved By Adhocmaster
convoluted	Card 1	415	Magoosh GRE JH Improved By Adhocmaster
copious	Card 1	1146	Magoosh GRE JH Improved By Adhocmaster
cornucopia	Card 1	416	Magoosh GRE JH Improved By Adhocmaster
corollary	Card 1	780	Magoosh GRE JH Improved By Adhocmaster
corroborate	Card 1	417	Magoosh GRE JH Improved By Adhocmaster
cosmopolitan	Card 1	418	Magoosh GRE JH Improved By Adhocmaster
cosseted	Card 1	781	Magoosh GRE JH Improved By Adhocmaster
coterminous	Card 1	782	Magoosh GRE JH Improved By Adhocmaster
countermand	Card 1	783	Magoosh GRE JH Improved By Adhocmaster
cow	Card 1	784	Magoosh GRE JH Improved By Adhocmaster
craven	Card 1	1147	Magoosh GRE JH Improved By Adhocmaster
credence	Card 1	419	Magoosh GRE JH Improved By Adhocmaster
creditable	Card 1	420	Magoosh GRE JH Improved By Adhocmaster
credulity	Card 1	421	Magoosh GRE JH Improved By Adhocmaster
crestfallen	Card 1	785	Magoosh GRE JH Improved By Adhocmaster
cryptic	Card 1	1148	Magoosh GRE JH Improved By Adhocmaster
crystallize	Card 1	786	Magoosh GRE JH Improved By Adhocmaster
culminate	Card 1	1149	Magoosh GRE JH Improved By Adhocmaster
culpability	Card 1	1150	Magoosh GRE JH Improved By Adhocmaster
cumbersome	Card 1	422	Magoosh GRE JH Improved By Adhocmaster
cupidity	Card 1	787	Magoosh GRE JH Improved By Adhocmaster
curmudgeon	Card 1	788	Magoosh GRE JH Improved By Adhocmaster
dearth	Card 1	423	Magoosh GRE JH Improved By Adhocmaster
debase	Card 1	424	Magoosh GRE JH Improved By Adhocmaster
debonair	Card 1	789	Magoosh GRE JH Improved By Adhocmaster
debunk	Card 1	425	Magoosh GRE JH Improved By Adhocmaster
decimation	Card 1	426	Magoosh GRE JH Improved By Adhocmaster
decorous	Card 1	1151	Magoosh GRE JH Improved By Adhocmaster
decorum	Card 1	1152	Magoosh GRE JH Improved By Adhocmaster
decry	Card 1	790	Magoosh GRE JH Improved By Adhocmaster
deferential	Card 1	1153	Magoosh GRE JH Improved By Adhocmaster
defray	Card 1	791	Magoosh GRE JH Improved By Adhocmaster
degrade	Card 1	427	Magoosh GRE JH Improved By Adhocmaster
deign	Card 1	792	Magoosh GRE JH Improved By Adhocmaster
delegate	Card 1	428	Magoosh GRE JH Improved By Adhocmaster
deleterious	Card 1	1154	Magoosh GRE JH Improved By Adhocmaster
deliberate	Card 1	429	Magoosh GRE JH Improved By Adhocmaster
delineate	Card 1	86	Magoosh GRE JH Improved By Adhocmaster
demean	Card 1	430	Magoosh GRE JH Improved By Adhocmaster
demonstrative	Card 1	793	Magoosh GRE JH Improved By Adhocmaster
demur	Card 1	87	Magoosh GRE JH Improved By Adhocmaster
demure	Card 1	431	Magoosh GRE JH Improved By Adhocmaster
denigrate	Card 1	88	Magoosh GRE JH Improved By Adhocmaster
denote	Card 1	89	Magoosh GRE JH Improved By Adhocmaster
denouement	Card 1	794	Magoosh GRE JH Improved By Adhocmaster
derelict	Card 1	795	Magoosh GRE JH Improved By Adhocmaster
derelict	Card 1	796	Magoosh GRE JH Improved By Adhocmaster
deride	Card 1	432	Magoosh GRE JH Improved By Adhocmaster
derisive	Card 1	433	Magoosh GRE JH Improved By Adhocmaster
derivative	Card 1	90	Magoosh GRE JH Improved By Adhocmaster
derive	Card 1	91	Magoosh GRE JH Improved By Adhocmaster
derive	Card 1	92	Magoosh GRE JH Improved By Adhocmaster
derogative	Card 1	434	Magoosh GRE JH Improved By Adhocmaster
desecrate	Card 1	435	Magoosh GRE JH Improved By Adhocmaster
desiccated	Card 1	797	Magoosh GRE JH Improved By Adhocmaster
desideratum	Card 1	798	Magoosh GRE JH Improved By Adhocmaster
despot	Card 1	799	Magoosh GRE JH Improved By Adhocmaster
destitute	Card 1	436	Magoosh GRE JH Improved By Adhocmaster
destitute	Card 1	437	Magoosh GRE JH Improved By Adhocmaster
deter	Card 1	438	Magoosh GRE JH Improved By Adhocmaster
deter	Card 1	439	Magoosh GRE JH Improved By Adhocmaster
detrimental	Card 1	440	Magoosh GRE JH Improved By Adhocmaster
devolve	Card 1	441	Magoosh GRE JH Improved By Adhocmaster
devolve	Card 1	442	Magoosh GRE JH Improved By Adhocmaster
diabolical	Card 1	443	Magoosh GRE JH Improved By Adhocmaster
diatribe	Card 1	800	Magoosh GRE JH Improved By Adhocmaster
dictatorial	Card 1	93	Magoosh GRE JH Improved By Adhocmaster
didactic	Card 1	94	Magoosh GRE JH Improved By Adhocmaster
differentiate	Card 1	444	Magoosh GRE JH Improved By Adhocmaster
differentiate	Card 1	445	Magoosh GRE JH Improved By Adhocmaster
diffident	Card 1	95	Magoosh GRE JH Improved By Adhocmaster
dilapidated	Card 1	446	Magoosh GRE JH Improved By Adhocmaster
dilatory	Card 1	96	Magoosh GRE JH Improved By Adhocmaster
dilettante	Card 1	97	Magoosh GRE JH Improved By Adhocmaster
diligent	Card 1	447	Magoosh GRE JH Improved By Adhocmaster
diminutive	Card 1	801	Magoosh GRE JH Improved By Adhocmaster
diminutive	Card 1	802	Magoosh GRE JH Improved By Adhocmaster
disabuse	Card 1	803	Magoosh GRE JH Improved By Adhocmaster
disaffected	Card 1	98	Magoosh GRE JH Improved By Adhocmaster
discord	Card 1	448	Magoosh GRE JH Improved By Adhocmaster
discreet	Card 1	449	Magoosh GRE JH Improved By Adhocmaster
discrete	Card 1	99	Magoosh GRE JH Improved By Adhocmaster
discriminate	Card 1	450	Magoosh GRE JH Improved By Adhocmaster
discursive	Card 1	804	Magoosh GRE JH Improved By Adhocmaster
disenfranchise	Card 1	451	Magoosh GRE JH Improved By Adhocmaster
disheartened	Card 1	452	Magoosh GRE JH Improved By Adhocmaster
disingenuous	Card 1	805	Magoosh GRE JH Improved By Adhocmaster
disinterested	Card 1	100	Magoosh GRE JH Improved By Adhocmaster
disparate	Card 1	453	Magoosh GRE JH Improved By Adhocmaster
dispassionate	Card 1	101	Magoosh GRE JH Improved By Adhocmaster
dispatch	Card 1	454	Magoosh GRE JH Improved By Adhocmaster
dispatch	Card 1	455	Magoosh GRE JH Improved By Adhocmaster
dispensation	Card 1	806	Magoosh GRE JH Improved By Adhocmaster
dissemble	Card 1	807	Magoosh GRE JH Improved By Adhocmaster
disseminate	Card 1	102	Magoosh GRE JH Improved By Adhocmaster
dissipate	Card 1	808	Magoosh GRE JH Improved By Adhocmaster
dissipate	Card 1	809	Magoosh GRE JH Improved By Adhocmaster
dissolution	Card 1	810	Magoosh GRE JH Improved By Adhocmaster
docile	Card 1	456	Magoosh GRE JH Improved By Adhocmaster
dog	Card 1	457	Magoosh GRE JH Improved By Adhocmaster
dogmatic	Card 1	103	Magoosh GRE JH Improved By Adhocmaster
doleful	Card 1	811	Magoosh GRE JH Improved By Adhocmaster
dolorous	Card 1	812	Magoosh GRE JH Improved By Adhocmaster
doughty	Card 1	813	Magoosh GRE JH Improved By Adhocmaster
dovetail	Card 1	814	Magoosh GRE JH Improved By Adhocmaster
dupe	Card 1	458	Magoosh GRE JH Improved By Adhocmaster
dupe	Card 1	459	Magoosh GRE JH Improved By Adhocmaster
duplicity	Card 1	815	Magoosh GRE JH Improved By Adhocmaster
duress	Card 1	104	Magoosh GRE JH Improved By Adhocmaster
ebullient	Card 1	816	Magoosh GRE JH Improved By Adhocmaster
eccentric	Card 1	460	Magoosh GRE JH Improved By Adhocmaster
eclectic	Card 1	105	Magoosh GRE JH Improved By Adhocmaster
economical	Card 1	106	Magoosh GRE JH Improved By Adhocmaster
edifying	Card 1	107	Magoosh GRE JH Improved By Adhocmaster
effervescent	Card 1	817	Magoosh GRE JH Improved By Adhocmaster
efficacious	Card 1	108	Magoosh GRE JH Improved By Adhocmaster
effrontery	Card 1	818	Magoosh GRE JH Improved By Adhocmaster
egotist	Card 1	461	Magoosh GRE JH Improved By Adhocmaster
egregious	Card 1	109	Magoosh GRE JH Improved By Adhocmaster
eke	Card 1	462	Magoosh GRE JH Improved By Adhocmaster
elaborate	Card 1	463	Magoosh GRE JH Improved By Adhocmaster
elaborate	Card 1	464	Magoosh GRE JH Improved By Adhocmaster
elegiac	Card 1	819	Magoosh GRE JH Improved By Adhocmaster
elicit	Card 1	110	Magoosh GRE JH Improved By Adhocmaster
elucidate	Card 1	111	Magoosh GRE JH Improved By Adhocmaster
elude	Card 1	465	Magoosh GRE JH Improved By Adhocmaster
elusive	Card 1	466	Magoosh GRE JH Improved By Adhocmaster
embellish	Card 1	467	Magoosh GRE JH Improved By Adhocmaster
embroiled	Card 1	468	Magoosh GRE JH Improved By Adhocmaster
embryonic	Card 1	820	Magoosh GRE JH Improved By Adhocmaster
eminent	Card 1	112	Magoosh GRE JH Improved By Adhocmaster
empathetic	Card 1	469	Magoosh GRE JH Improved By Adhocmaster
empiricism	Card 1	821	Magoosh GRE JH Improved By Adhocmaster
emulate	Card 1	470	Magoosh GRE JH Improved By Adhocmaster
enamor	Card 1	822	Magoosh GRE JH Improved By Adhocmaster
encumber	Card 1	823	Magoosh GRE JH Improved By Adhocmaster
endemic	Card 1	471	Magoosh GRE JH Improved By Adhocmaster
enervate	Card 1	113	Magoosh GRE JH Improved By Adhocmaster
engender	Card 1	114	Magoosh GRE JH Improved By Adhocmaster
enjoin	Card 1	824	Magoosh GRE JH Improved By Adhocmaster
enmity	Card 1	472	Magoosh GRE JH Improved By Adhocmaster
enormity	Card 1	825	Magoosh GRE JH Improved By Adhocmaster
enthrall	Card 1	826	Magoosh GRE JH Improved By Adhocmaster
entice	Card 1	473	Magoosh GRE JH Improved By Adhocmaster
entrenched	Card 1	115	Magoosh GRE JH Improved By Adhocmaster
enumerate	Card 1	474	Magoosh GRE JH Improved By Adhocmaster
enumerate	Card 1	475	Magoosh GRE JH Improved By Adhocmaster
ephemeral	Card 1	116	Magoosh GRE JH Improved By Adhocmaster
epigram	Card 1	827	Magoosh GRE JH Improved By Adhocmaster
epiphany	Card 1	828	Magoosh GRE JH Improved By Adhocmaster
eponym	Card 1	829	Magoosh GRE JH Improved By Adhocmaster
equitable	Card 1	830	Magoosh GRE JH Improved By Adhocmaster
equivocal	Card 1	117	Magoosh GRE JH Improved By Adhocmaster
equivocate	Card 1	831	Magoosh GRE JH Improved By Adhocmaster
eradicate	Card 1	118	Magoosh GRE JH Improved By Adhocmaster
err	Card 1	476	Magoosh GRE JH Improved By Adhocmaster
errant	Card 1	477	Magoosh GRE JH Improved By Adhocmaster
erratic	Card 1	478	Magoosh GRE JH Improved By Adhocmaster
ersatz	Card 1	832	Magoosh GRE JH Improved By Adhocmaster
erudite	Card 1	119	Magoosh GRE JH Improved By Adhocmaster
eschew	Card 1	120	Magoosh GRE JH Improved By Adhocmaster
esoteric	Card 1	121	Magoosh GRE JH Improved By Adhocmaster
espouse	Card 1	122	Magoosh GRE JH Improved By Adhocmaster
estimable	Card 1	833	Magoosh GRE JH Improved By Adhocmaster
ethereal	Card 1	834	Magoosh GRE JH Improved By Adhocmaster
euphoria	Card 1	479	Magoosh GRE JH Improved By Adhocmaster
evanescent	Card 1	835	Magoosh GRE JH Improved By Adhocmaster
evasive	Card 1	480	Magoosh GRE JH Improved By Adhocmaster
evasive	Card 1	481	Magoosh GRE JH Improved By Adhocmaster
evenhanded	Card 1	482	Magoosh GRE JH Improved By Adhocmaster
exacerbate	Card 1	123	Magoosh GRE JH Improved By Adhocmaster
exacting	Card 1	124	Magoosh GRE JH Improved By Adhocmaster
exalt	Card 1	125	Magoosh GRE JH Improved By Adhocmaster
exasperate	Card 1	483	Magoosh GRE JH Improved By Adhocmaster
excoriate	Card 1	836	Magoosh GRE JH Improved By Adhocmaster
excruciating	Card 1	484	Magoosh GRE JH Improved By Adhocmaster
execrate	Card 1	837	Magoosh GRE JH Improved By Adhocmaster
exegesis	Card 1	838	Magoosh GRE JH Improved By Adhocmaster
exemplar	Card 1	839	Magoosh GRE JH Improved By Adhocmaster
exemplify	Card 1	485	Magoosh GRE JH Improved By Adhocmaster
exemplify	Card 1	486	Magoosh GRE JH Improved By Adhocmaster
exhort	Card 1	487	Magoosh GRE JH Improved By Adhocmaster
exiguity	Card 1	840	Magoosh GRE JH Improved By Adhocmaster
exonerate	Card 1	126	Magoosh GRE JH Improved By Adhocmaster
exorbitant	Card 1	841	Magoosh GRE JH Improved By Adhocmaster
expansive	Card 1	842	Magoosh GRE JH Improved By Adhocmaster
expound	Card 1	127	Magoosh GRE JH Improved By Adhocmaster
expunge	Card 1	843	Magoosh GRE JH Improved By Adhocmaster
expurgate	Card 1	844	Magoosh GRE JH Improved By Adhocmaster
extant	Card 1	128	Magoosh GRE JH Improved By Adhocmaster
extenuating	Card 1	488	Magoosh GRE JH Improved By Adhocmaster
extrapolate	Card 1	845	Magoosh GRE JH Improved By Adhocmaster
facetious	Card 1	489	Magoosh GRE JH Improved By Adhocmaster
facile	Card 1	846	Magoosh GRE JH Improved By Adhocmaster
factious	Card 1	847	Magoosh GRE JH Improved By Adhocmaster
factitious	Card 1	848	Magoosh GRE JH Improved By Adhocmaster
fallacious	Card 1	129	Magoosh GRE JH Improved By Adhocmaster
fastidious	Card 1	130	Magoosh GRE JH Improved By Adhocmaster
fawn	Card 1	490	Magoosh GRE JH Improved By Adhocmaster
feckless	Card 1	849	Magoosh GRE JH Improved By Adhocmaster
fecund	Card 1	850	Magoosh GRE JH Improved By Adhocmaster
fell	Card 1	851	Magoosh GRE JH Improved By Adhocmaster
ferret	Card 1	491	Magoosh GRE JH Improved By Adhocmaster
fete	Card 1	492	Magoosh GRE JH Improved By Adhocmaster
fickle	Card 1	493	Magoosh GRE JH Improved By Adhocmaster
finagle	Card 1	494	Magoosh GRE JH Improved By Adhocmaster
firebrand	Card 1	852	Magoosh GRE JH Improved By Adhocmaster
flag	Card 1	853	Magoosh GRE JH Improved By Adhocmaster
fledgling	Card 1	495	Magoosh GRE JH Improved By Adhocmaster
fleece	Card 1	496	Magoosh GRE JH Improved By Adhocmaster
flippant	Card 1	854	Magoosh GRE JH Improved By Adhocmaster
flounder	Card 1	497	Magoosh GRE JH Improved By Adhocmaster
flummox	Card 1	855	Magoosh GRE JH Improved By Adhocmaster
flush	Card 1	498	Magoosh GRE JH Improved By Adhocmaster
flux	Card 1	131	Magoosh GRE JH Improved By Adhocmaster
foible	Card 1	499	Magoosh GRE JH Improved By Adhocmaster
foment	Card 1	132	Magoosh GRE JH Improved By Adhocmaster
foolhardy	Card 1	500	Magoosh GRE JH Improved By Adhocmaster
forlorn	Card 1	133	Magoosh GRE JH Improved By Adhocmaster
forthcoming	Card 1	134	Magoosh GRE JH Improved By Adhocmaster
forthcoming	Card 1	135	Magoosh GRE JH Improved By Adhocmaster
forthright	Card 1	501	Magoosh GRE JH Improved By Adhocmaster
fortuitous	Card 1	136	Magoosh GRE JH Improved By Adhocmaster
fractious	Card 1	856	Magoosh GRE JH Improved By Adhocmaster
frivolous	Card 1	137	Magoosh GRE JH Improved By Adhocmaster
frugal	Card 1	138	Magoosh GRE JH Improved By Adhocmaster
frustrate	Card 1	139	Magoosh GRE JH Improved By Adhocmaster
furtive	Card 1	140	Magoosh GRE JH Improved By Adhocmaster
futile	Card 1	502	Magoosh GRE JH Improved By Adhocmaster
gaffe	Card 1	857	Magoosh GRE JH Improved By Adhocmaster
gainsay	Card 1	141	Magoosh GRE JH Improved By Adhocmaster
gall	Card 1	142	Magoosh GRE JH Improved By Adhocmaster
gall	Card 1	143	Magoosh GRE JH Improved By Adhocmaster
galvanize	Card 1	144	Magoosh GRE JH Improved By Adhocmaster
gambit	Card 1	858	Magoosh GRE JH Improved By Adhocmaster
garrulous	Card 1	145	Magoosh GRE JH Improved By Adhocmaster
gauche	Card 1	146	Magoosh GRE JH Improved By Adhocmaster
genial	Card 1	503	Magoosh GRE JH Improved By Adhocmaster
genteel	Card 1	504	Magoosh GRE JH Improved By Adhocmaster
germane	Card 1	147	Magoosh GRE JH Improved By Adhocmaster
gerrymander	Card 1	859	Magoosh GRE JH Improved By Adhocmaster
glean	Card 1	505	Magoosh GRE JH Improved By Adhocmaster
glib	Card 1	506	Magoosh GRE JH Improved By Adhocmaster
glut	Card 1	148	Magoosh GRE JH Improved By Adhocmaster
glut	Card 1	149	Magoosh GRE JH Improved By Adhocmaster
goad	Card 1	507	Magoosh GRE JH Improved By Adhocmaster
gossamer	Card 1	150	Magoosh GRE JH Improved By Adhocmaster
graft	Card 1	860	Magoosh GRE JH Improved By Adhocmaster
grandiloquent	Card 1	861	Magoosh GRE JH Improved By Adhocmaster
gregarious	Card 1	151	Magoosh GRE JH Improved By Adhocmaster
grovel	Card 1	508	Magoosh GRE JH Improved By Adhocmaster
guffaw	Card 1	509	Magoosh GRE JH Improved By Adhocmaster
guileless	Card 1	152	Magoosh GRE JH Improved By Adhocmaster
gumption	Card 1	862	Magoosh GRE JH Improved By Adhocmaster
hackneyed	Card 1	153	Magoosh GRE JH Improved By Adhocmaster
hagiographic	Card 1	863	Magoosh GRE JH Improved By Adhocmaster
hail	Card 1	864	Magoosh GRE JH Improved By Adhocmaster
halcyon	Card 1	865	Magoosh GRE JH Improved By Adhocmaster
hamper	Card 1	510	Magoosh GRE JH Improved By Adhocmaster
hamstrung	Card 1	511	Magoosh GRE JH Improved By Adhocmaster
haphazard	Card 1	154	Magoosh GRE JH Improved By Adhocmaster
harangue	Card 1	155	Magoosh GRE JH Improved By Adhocmaster
harangue	Card 1	156	Magoosh GRE JH Improved By Adhocmaster
harried	Card 1	157	Magoosh GRE JH Improved By Adhocmaster
haughty	Card 1	158	Magoosh GRE JH Improved By Adhocmaster
hauteur	Card 1	866	Magoosh GRE JH Improved By Adhocmaster
hector	Card 1	867	Magoosh GRE JH Improved By Adhocmaster
hedge	Card 1	868	Magoosh GRE JH Improved By Adhocmaster
hegemony	Card 1	159	Magoosh GRE JH Improved By Adhocmaster
heretic	Card 1	160	Magoosh GRE JH Improved By Adhocmaster
heyday	Card 1	512	Magoosh GRE JH Improved By Adhocmaster
histrionic	Card 1	869	Magoosh GRE JH Improved By Adhocmaster
hoary	Card 1	870	Magoosh GRE JH Improved By Adhocmaster
hobble	Card 1	871	Magoosh GRE JH Improved By Adhocmaster
hodgepodge	Card 1	513	Magoosh GRE JH Improved By Adhocmaster
hoodwink	Card 1	872	Magoosh GRE JH Improved By Adhocmaster
hound	Card 1	514	Magoosh GRE JH Improved By Adhocmaster
hubris	Card 1	873	Magoosh GRE JH Improved By Adhocmaster
humdrum	Card 1	515	Magoosh GRE JH Improved By Adhocmaster
iconoclast	Card 1	161	Magoosh GRE JH Improved By Adhocmaster
iconoclastic	Card 1	162	Magoosh GRE JH Improved By Adhocmaster
idiosyncrasy	Card 1	163	Magoosh GRE JH Improved By Adhocmaster
ignoble	Card 1	164	Magoosh GRE JH Improved By Adhocmaster
ignominious	Card 1	165	Magoosh GRE JH Improved By Adhocmaster
illicit	Card 1	516	Magoosh GRE JH Improved By Adhocmaster
illustrious	Card 1	874	Magoosh GRE JH Improved By Adhocmaster
imbibe	Card 1	875	Magoosh GRE JH Improved By Adhocmaster
imbroglio	Card 1	876	Magoosh GRE JH Improved By Adhocmaster
immaterial	Card 1	517	Magoosh GRE JH Improved By Adhocmaster
immure	Card 1	877	Magoosh GRE JH Improved By Adhocmaster
immutable	Card 1	166	Magoosh GRE JH Improved By Adhocmaster
impartial	Card 1	167	Magoosh GRE JH Improved By Adhocmaster
impeccable	Card 1	518	Magoosh GRE JH Improved By Adhocmaster
impecunious	Card 1	878	Magoosh GRE JH Improved By Adhocmaster
impede	Card 1	519	Magoosh GRE JH Improved By Adhocmaster
impending	Card 1	520	Magoosh GRE JH Improved By Adhocmaster
imperious	Card 1	879	Magoosh GRE JH Improved By Adhocmaster
impermeable	Card 1	521	Magoosh GRE JH Improved By Adhocmaster
impertinent	Card 1	168	Magoosh GRE JH Improved By Adhocmaster
impervious	Card 1	880	Magoosh GRE JH Improved By Adhocmaster
impetuous	Card 1	881	Magoosh GRE JH Improved By Adhocmaster
implacable	Card 1	169	Magoosh GRE JH Improved By Adhocmaster
implausible	Card 1	170	Magoosh GRE JH Improved By Adhocmaster
implicate	Card 1	522	Magoosh GRE JH Improved By Adhocmaster
implicate	Card 1	523	Magoosh GRE JH Improved By Adhocmaster
imponderable	Card 1	524	Magoosh GRE JH Improved By Adhocmaster
importuned	Card 1	882	Magoosh GRE JH Improved By Adhocmaster
impregnable	Card 1	525	Magoosh GRE JH Improved By Adhocmaster
improvident	Card 1	883	Magoosh GRE JH Improved By Adhocmaster
imprudent	Card 1	171	Magoosh GRE JH Improved By Adhocmaster
impudent	Card 1	172	Magoosh GRE JH Improved By Adhocmaster
impugn	Card 1	884	Magoosh GRE JH Improved By Adhocmaster
impute	Card 1	885	Magoosh GRE JH Improved By Adhocmaster
inadvertent	Card 1	526	Magoosh GRE JH Improved By Adhocmaster
inanity	Card 1	886	Magoosh GRE JH Improved By Adhocmaster
inarticulate	Card 1	527	Magoosh GRE JH Improved By Adhocmaster
incense	Card 1	528	Magoosh GRE JH Improved By Adhocmaster
incessant	Card 1	529	Magoosh GRE JH Improved By Adhocmaster
inchoate	Card 1	887	Magoosh GRE JH Improved By Adhocmaster
incisive	Card 1	173	Magoosh GRE JH Improved By Adhocmaster
inclement	Card 1	530	Magoosh GRE JH Improved By Adhocmaster
inclement	Card 1	531	Magoosh GRE JH Improved By Adhocmaster
incongruous	Card 1	174	Magoosh GRE JH Improved By Adhocmaster
incontrovertible	Card 1	888	Magoosh GRE JH Improved By Adhocmaster
incorrigible	Card 1	175	Magoosh GRE JH Improved By Adhocmaster
incumbent	Card 1	532	Magoosh GRE JH Improved By Adhocmaster
indecorous	Card 1	176	Magoosh GRE JH Improved By Adhocmaster
indict	Card 1	533	Magoosh GRE JH Improved By Adhocmaster
indifference	Card 1	177	Magoosh GRE JH Improved By Adhocmaster
indigenous	Card 1	534	Magoosh GRE JH Improved By Adhocmaster
indigent	Card 1	889	Magoosh GRE JH Improved By Adhocmaster
indigent	Card 1	890	Magoosh GRE JH Improved By Adhocmaster
indignant	Card 1	535	Magoosh GRE JH Improved By Adhocmaster
industrious	Card 1	536	Magoosh GRE JH Improved By Adhocmaster
ineffable	Card 1	891	Magoosh GRE JH Improved By Adhocmaster
ineluctable	Card 1	892	Magoosh GRE JH Improved By Adhocmaster
inequity	Card 1	893	Magoosh GRE JH Improved By Adhocmaster
inexorable	Card 1	178	Magoosh GRE JH Improved By Adhocmaster
infelicitous	Card 1	894	Magoosh GRE JH Improved By Adhocmaster
inflammable	Card 1	537	Magoosh GRE JH Improved By Adhocmaster
ingenuity	Card 1	538	Magoosh GRE JH Improved By Adhocmaster
ingenuous	Card 1	179	Magoosh GRE JH Improved By Adhocmaster
ingratiate	Card 1	180	Magoosh GRE JH Improved By Adhocmaster
inimical	Card 1	181	Magoosh GRE JH Improved By Adhocmaster
inimitable	Card 1	895	Magoosh GRE JH Improved By Adhocmaster
inkling	Card 1	539	Magoosh GRE JH Improved By Adhocmaster
innocuous	Card 1	182	Magoosh GRE JH Improved By Adhocmaster
inscrutable	Card 1	183	Magoosh GRE JH Improved By Adhocmaster
insidious	Card 1	184	Magoosh GRE JH Improved By Adhocmaster
insipid	Card 1	540	Magoosh GRE JH Improved By Adhocmaster
insolent	Card 1	185	Magoosh GRE JH Improved By Adhocmaster
insolvent	Card 1	541	Magoosh GRE JH Improved By Adhocmaster
insouciance	Card 1	896	Magoosh GRE JH Improved By Adhocmaster
insufferable	Card 1	897	Magoosh GRE JH Improved By Adhocmaster
intermittent	Card 1	542	Magoosh GRE JH Improved By Adhocmaster
internecine	Card 1	898	Magoosh GRE JH Improved By Adhocmaster
intimate	Card 1	186	Magoosh GRE JH Improved By Adhocmaster
intimation	Card 1	899	Magoosh GRE JH Improved By Adhocmaster
intransigent	Card 1	187	Magoosh GRE JH Improved By Adhocmaster
intrepid	Card 1	188	Magoosh GRE JH Improved By Adhocmaster
inundate	Card 1	543	Magoosh GRE JH Improved By Adhocmaster
inure	Card 1	900	Magoosh GRE JH Improved By Adhocmaster
invective	Card 1	901	Magoosh GRE JH Improved By Adhocmaster
inveterate	Card 1	189	Magoosh GRE JH Improved By Adhocmaster
invidious	Card 1	902	Magoosh GRE JH Improved By Adhocmaster
inviolable	Card 1	903	Magoosh GRE JH Improved By Adhocmaster
inviolate	Card 1	904	Magoosh GRE JH Improved By Adhocmaster
involved	Card 1	190	Magoosh GRE JH Improved By Adhocmaster
irascible	Card 1	544	Magoosh GRE JH Improved By Adhocmaster
irk	Card 1	545	Magoosh GRE JH Improved By Adhocmaster
irrefutable	Card 1	905	Magoosh GRE JH Improved By Adhocmaster
irresolute	Card 1	546	Magoosh GRE JH Improved By Adhocmaster
irrevocable	Card 1	191	Magoosh GRE JH Improved By Adhocmaster
itinerant	Card 1	192	Magoosh GRE JH Improved By Adhocmaster
jargon	Card 1	547	Magoosh GRE JH Improved By Adhocmaster
jaundice	Card 1	906	Magoosh GRE JH Improved By Adhocmaster
jejune	Card 1	907	Magoosh GRE JH Improved By Adhocmaster
jejune	Card 1	908	Magoosh GRE JH Improved By Adhocmaster
jingoism	Card 1	193	Magoosh GRE JH Improved By Adhocmaster
jingoist	Card 1	909	Magoosh GRE JH Improved By Adhocmaster
jocular	Card 1	548	Magoosh GRE JH Improved By Adhocmaster
jovial	Card 1	194	Magoosh GRE JH Improved By Adhocmaster
jubilant	Card 1	195	Magoosh GRE JH Improved By Adhocmaster
juggernaut	Card 1	910	Magoosh GRE JH Improved By Adhocmaster
junta	Card 1	549	Magoosh GRE JH Improved By Adhocmaster
juxtapose	Card 1	196	Magoosh GRE JH Improved By Adhocmaster
kowtow	Card 1	911	Magoosh GRE JH Improved By Adhocmaster
laborious	Card 1	550	Magoosh GRE JH Improved By Adhocmaster
lacerate	Card 1	912	Magoosh GRE JH Improved By Adhocmaster
lachrymose	Card 1	913	Magoosh GRE JH Improved By Adhocmaster
laconic	Card 1	197	Magoosh GRE JH Improved By Adhocmaster
lambast	Card 1	198	Magoosh GRE JH Improved By Adhocmaster
lampoon	Card 1	914	Magoosh GRE JH Improved By Adhocmaster
languid	Card 1	199	Magoosh GRE JH Improved By Adhocmaster
languish	Card 1	915	Magoosh GRE JH Improved By Adhocmaster
largess	Card 1	200	Magoosh GRE JH Improved By Adhocmaster
lascivious	Card 1	916	Magoosh GRE JH Improved By Adhocmaster
laudable	Card 1	201	Magoosh GRE JH Improved By Adhocmaster
leery	Card 1	551	Magoosh GRE JH Improved By Adhocmaster
lethargic	Card 1	552	Magoosh GRE JH Improved By Adhocmaster
limpid	Card 1	917	Magoosh GRE JH Improved By Adhocmaster
lionize	Card 1	202	Magoosh GRE JH Improved By Adhocmaster
litany	Card 1	918	Magoosh GRE JH Improved By Adhocmaster
loath	Card 1	919	Magoosh GRE JH Improved By Adhocmaster
lucid	Card 1	553	Magoosh GRE JH Improved By Adhocmaster
lugubrious	Card 1	920	Magoosh GRE JH Improved By Adhocmaster
macabre	Card 1	554	Magoosh GRE JH Improved By Adhocmaster
machinate	Card 1	921	Magoosh GRE JH Improved By Adhocmaster
magisterial	Card 1	922	Magoosh GRE JH Improved By Adhocmaster
magnanimous	Card 1	203	Magoosh GRE JH Improved By Adhocmaster
maintain	Card 1	204	Magoosh GRE JH Improved By Adhocmaster
maladroit	Card 1	205	Magoosh GRE JH Improved By Adhocmaster
malady	Card 1	555	Magoosh GRE JH Improved By Adhocmaster
malapropism	Card 1	923	Magoosh GRE JH Improved By Adhocmaster
malevolent	Card 1	556	Magoosh GRE JH Improved By Adhocmaster
malfeasance	Card 1	924	Magoosh GRE JH Improved By Adhocmaster
malingerer	Card 1	925	Magoosh GRE JH Improved By Adhocmaster
malleable	Card 1	557	Magoosh GRE JH Improved By Adhocmaster
malleable	Card 1	558	Magoosh GRE JH Improved By Adhocmaster
malodorous	Card 1	559	Magoosh GRE JH Improved By Adhocmaster
martial	Card 1	560	Magoosh GRE JH Improved By Adhocmaster
martinet	Card 1	926	Magoosh GRE JH Improved By Adhocmaster
maudlin	Card 1	927	Magoosh GRE JH Improved By Adhocmaster
maunder	Card 1	928	Magoosh GRE JH Improved By Adhocmaster
maunder	Card 1	929	Magoosh GRE JH Improved By Adhocmaster
maverick	Card 1	206	Magoosh GRE JH Improved By Adhocmaster
mawkish	Card 1	207	Magoosh GRE JH Improved By Adhocmaster
maxim	Card 1	561	Magoosh GRE JH Improved By Adhocmaster
meander	Card 1	562	Magoosh GRE JH Improved By Adhocmaster
melancholy	Card 1	563	Magoosh GRE JH Improved By Adhocmaster
melee	Card 1	564	Magoosh GRE JH Improved By Adhocmaster
mellifluous	Card 1	930	Magoosh GRE JH Improved By Adhocmaster
mendacity	Card 1	208	Magoosh GRE JH Improved By Adhocmaster
mendicant	Card 1	931	Magoosh GRE JH Improved By Adhocmaster
mercurial	Card 1	209	Magoosh GRE JH Improved By Adhocmaster
mesmerize	Card 1	565	Magoosh GRE JH Improved By Adhocmaster
meteoric	Card 1	932	Magoosh GRE JH Improved By Adhocmaster
meticulous	Card 1	210	Magoosh GRE JH Improved By Adhocmaster
mettlesome	Card 1	933	Magoosh GRE JH Improved By Adhocmaster
misanthrope	Card 1	566	Magoosh GRE JH Improved By Adhocmaster
misattribute	Card 1	934	Magoosh GRE JH Improved By Adhocmaster
misconstrue	Card 1	211	Magoosh GRE JH Improved By Adhocmaster
miscreant	Card 1	567	Magoosh GRE JH Improved By Adhocmaster
miser	Card 1	568	Magoosh GRE JH Improved By Adhocmaster
misogynist	Card 1	569	Magoosh GRE JH Improved By Adhocmaster
mitigate	Card 1	212	Magoosh GRE JH Improved By Adhocmaster
mitigate	Card 1	213	Magoosh GRE JH Improved By Adhocmaster
modicum	Card 1	935	Magoosh GRE JH Improved By Adhocmaster
mollify	Card 1	214	Magoosh GRE JH Improved By Adhocmaster
moment	Card 1	570	Magoosh GRE JH Improved By Adhocmaster
moot	Card 1	571	Magoosh GRE JH Improved By Adhocmaster
mordant	Card 1	936	Magoosh GRE JH Improved By Adhocmaster
moribund	Card 1	937	Magoosh GRE JH Improved By Adhocmaster
morose	Card 1	572	Magoosh GRE JH Improved By Adhocmaster
morph	Card 1	573	Magoosh GRE JH Improved By Adhocmaster
mulct	Card 1	938	Magoosh GRE JH Improved By Adhocmaster
mundane	Card 1	215	Magoosh GRE JH Improved By Adhocmaster
mundane	Card 1	216	Magoosh GRE JH Improved By Adhocmaster
munificent	Card 1	217	Magoosh GRE JH Improved By Adhocmaster
muted	Card 1	574	Magoosh GRE JH Improved By Adhocmaster
myopic	Card 1	218	Magoosh GRE JH Improved By Adhocmaster
myriad	Card 1	219	Magoosh GRE JH Improved By Adhocmaster
nadir	Card 1	939	Magoosh GRE JH Improved By Adhocmaster
negligible	Card 1	220	Magoosh GRE JH Improved By Adhocmaster
nettlesome	Card 1	940	Magoosh GRE JH Improved By Adhocmaster
noisome	Card 1	941	Magoosh GRE JH Improved By Adhocmaster
nonchalant	Card 1	942	Magoosh GRE JH Improved By Adhocmaster
nonplussed	Card 1	221	Magoosh GRE JH Improved By Adhocmaster
nuance	Card 1	222	Magoosh GRE JH Improved By Adhocmaster
obdurate	Card 1	575	Magoosh GRE JH Improved By Adhocmaster
objurgate	Card 1	943	Magoosh GRE JH Improved By Adhocmaster
obliging	Card 1	576	Magoosh GRE JH Improved By Adhocmaster
oblique	Card 1	944	Magoosh GRE JH Improved By Adhocmaster
obscure	Card 1	223	Magoosh GRE JH Improved By Adhocmaster
obscure	Card 1	224	Magoosh GRE JH Improved By Adhocmaster
obsequious	Card 1	225	Magoosh GRE JH Improved By Adhocmaster
obstinate	Card 1	577	Magoosh GRE JH Improved By Adhocmaster
obstreperous	Card 1	945	Magoosh GRE JH Improved By Adhocmaster
obtain	Card 1	946	Magoosh GRE JH Improved By Adhocmaster
obtuse	Card 1	947	Magoosh GRE JH Improved By Adhocmaster
officious	Card 1	948	Magoosh GRE JH Improved By Adhocmaster
opaque	Card 1	226	Magoosh GRE JH Improved By Adhocmaster
opulence	Card 1	227	Magoosh GRE JH Improved By Adhocmaster
ornate	Card 1	578	Magoosh GRE JH Improved By Adhocmaster
ossify	Card 1	949	Magoosh GRE JH Improved By Adhocmaster
ostentatious	Card 1	228	Magoosh GRE JH Improved By Adhocmaster
ostracize	Card 1	229	Magoosh GRE JH Improved By Adhocmaster
overweening	Card 1	950	Magoosh GRE JH Improved By Adhocmaster
palatable	Card 1	951	Magoosh GRE JH Improved By Adhocmaster
palaver	Card 1	952	Magoosh GRE JH Improved By Adhocmaster
palimpsest	Card 1	953	Magoosh GRE JH Improved By Adhocmaster
panacea	Card 1	954	Magoosh GRE JH Improved By Adhocmaster
panache	Card 1	230	Magoosh GRE JH Improved By Adhocmaster
panegyric	Card 1	955	Magoosh GRE JH Improved By Adhocmaster
paradoxical	Card 1	579	Magoosh GRE JH Improved By Adhocmaster
paragon	Card 1	956	Magoosh GRE JH Improved By Adhocmaster
paragon	Card 1	957	Magoosh GRE JH Improved By Adhocmaster
pariah	Card 1	958	Magoosh GRE JH Improved By Adhocmaster
parochial	Card 1	231	Magoosh GRE JH Improved By Adhocmaster
parsimonious	Card 1	232	Magoosh GRE JH Improved By Adhocmaster
parvenu	Card 1	959	Magoosh GRE JH Improved By Adhocmaster
pastoral	Card 1	580	Magoosh GRE JH Improved By Adhocmaster
patent	Card 1	960	Magoosh GRE JH Improved By Adhocmaster
patronize	Card 1	581	Magoosh GRE JH Improved By Adhocmaster
paucity	Card 1	582	Magoosh GRE JH Improved By Adhocmaster
pecuniary	Card 1	961	Magoosh GRE JH Improved By Adhocmaster
pedantic	Card 1	233	Magoosh GRE JH Improved By Adhocmaster
pedestrian	Card 1	234	Magoosh GRE JH Improved By Adhocmaster
peevish	Card 1	583	Magoosh GRE JH Improved By Adhocmaster
pejorative	Card 1	235	Magoosh GRE JH Improved By Adhocmaster
pellucid	Card 1	962	Magoosh GRE JH Improved By Adhocmaster
penurious	Card 1	963	Magoosh GRE JH Improved By Adhocmaster
penurious	Card 1	964	Magoosh GRE JH Improved By Adhocmaster
percipient	Card 1	965	Magoosh GRE JH Improved By Adhocmaster
peremptory	Card 1	966	Magoosh GRE JH Improved By Adhocmaster
perennial	Card 1	584	Magoosh GRE JH Improved By Adhocmaster
perfidy	Card 1	236	Magoosh GRE JH Improved By Adhocmaster
perfunctory	Card 1	967	Magoosh GRE JH Improved By Adhocmaster
peripatetic	Card 1	968	Magoosh GRE JH Improved By Adhocmaster
pernicious	Card 1	237	Magoosh GRE JH Improved By Adhocmaster
perpetuate	Card 1	585	Magoosh GRE JH Improved By Adhocmaster
perquisite	Card 1	586	Magoosh GRE JH Improved By Adhocmaster
perspicacious	Card 1	969	Magoosh GRE JH Improved By Adhocmaster
pertinent	Card 1	587	Magoosh GRE JH Improved By Adhocmaster
perturb	Card 1	588	Magoosh GRE JH Improved By Adhocmaster
peruse	Card 1	589	Magoosh GRE JH Improved By Adhocmaster
petulant	Card 1	238	Magoosh GRE JH Improved By Adhocmaster
phantasmagorical	Card 1	970	Magoosh GRE JH Improved By Adhocmaster
philistine	Card 1	971	Magoosh GRE JH Improved By Adhocmaster
phlegmatic	Card 1	972	Magoosh GRE JH Improved By Adhocmaster
picayune	Card 1	973	Magoosh GRE JH Improved By Adhocmaster
pillory	Card 1	974	Magoosh GRE JH Improved By Adhocmaster
pine	Card 1	590	Magoosh GRE JH Improved By Adhocmaster
pinnacle	Card 1	591	Magoosh GRE JH Improved By Adhocmaster
piquant	Card 1	592	Magoosh GRE JH Improved By Adhocmaster
pith	Card 1	975	Magoosh GRE JH Improved By Adhocmaster
pithy	Card 1	593	Magoosh GRE JH Improved By Adhocmaster
pittance	Card 1	594	Magoosh GRE JH Improved By Adhocmaster
placate	Card 1	239	Magoosh GRE JH Improved By Adhocmaster
placid	Card 1	595	Magoosh GRE JH Improved By Adhocmaster
platitude	Card 1	240	Magoosh GRE JH Improved By Adhocmaster
plodding	Card 1	596	Magoosh GRE JH Improved By Adhocmaster
ploy	Card 1	597	Magoosh GRE JH Improved By Adhocmaster
plucky	Card 1	976	Magoosh GRE JH Improved By Adhocmaster
poignant	Card 1	241	Magoosh GRE JH Improved By Adhocmaster
polemic	Card 1	242	Magoosh GRE JH Improved By Adhocmaster
Pollyannaish	Card 1	977	Magoosh GRE JH Improved By Adhocmaster
ponderous	Card 1	978	Magoosh GRE JH Improved By Adhocmaster
pontificate	Card 1	979	Magoosh GRE JH Improved By Adhocmaster
portentous	Card 1	980	Magoosh GRE JH Improved By Adhocmaster
posit	Card 1	243	Magoosh GRE JH Improved By Adhocmaster
powwow	Card 1	598	Magoosh GRE JH Improved By Adhocmaster
pragmatic	Card 1	244	Magoosh GRE JH Improved By Adhocmaster
precarious	Card 1	599	Magoosh GRE JH Improved By Adhocmaster
precedent	Card 1	600	Magoosh GRE JH Improved By Adhocmaster
precipitate	Card 1	981	Magoosh GRE JH Improved By Adhocmaster
precipitate	Card 1	982	Magoosh GRE JH Improved By Adhocmaster
precipitous	Card 1	245	Magoosh GRE JH Improved By Adhocmaster
preclude	Card 1	246	Magoosh GRE JH Improved By Adhocmaster
precocious	Card 1	247	Magoosh GRE JH Improved By Adhocmaster
predilection	Card 1	248	Magoosh GRE JH Improved By Adhocmaster
preempt	Card 1	601	Magoosh GRE JH Improved By Adhocmaster
preemptive	Card 1	602	Magoosh GRE JH Improved By Adhocmaster
prescience	Card 1	249	Magoosh GRE JH Improved By Adhocmaster
presentiment	Card 1	983	Magoosh GRE JH Improved By Adhocmaster
presumption	Card 1	603	Magoosh GRE JH Improved By Adhocmaster
presumption	Card 1	604	Magoosh GRE JH Improved By Adhocmaster
presumptuous	Card 1	605	Magoosh GRE JH Improved By Adhocmaster
prevail	Card 1	606	Magoosh GRE JH Improved By Adhocmaster
prevail	Card 1	607	Magoosh GRE JH Improved By Adhocmaster
prevaricate	Card 1	250	Magoosh GRE JH Improved By Adhocmaster
primacy	Card 1	984	Magoosh GRE JH Improved By Adhocmaster
pristine	Card 1	608	Magoosh GRE JH Improved By Adhocmaster
pristine	Card 1	609	Magoosh GRE JH Improved By Adhocmaster
probity	Card 1	985	Magoosh GRE JH Improved By Adhocmaster
prodigal	Card 1	251	Magoosh GRE JH Improved By Adhocmaster
prodigious	Card 1	252	Magoosh GRE JH Improved By Adhocmaster
profligate	Card 1	253	Magoosh GRE JH Improved By Adhocmaster
profligate	Card 1	254	Magoosh GRE JH Improved By Adhocmaster
profuse	Card 1	610	Magoosh GRE JH Improved By Adhocmaster
profusion	Card 1	611	Magoosh GRE JH Improved By Adhocmaster
prognostication	Card 1	986	Magoosh GRE JH Improved By Adhocmaster
prolific	Card 1	255	Magoosh GRE JH Improved By Adhocmaster
prolixity	Card 1	987	Magoosh GRE JH Improved By Adhocmaster
promulgate	Card 1	988	Magoosh GRE JH Improved By Adhocmaster
propitiate	Card 1	989	Magoosh GRE JH Improved By Adhocmaster
propitious	Card 1	256	Magoosh GRE JH Improved By Adhocmaster
proponent	Card 1	612	Magoosh GRE JH Improved By Adhocmaster
prosaic	Card 1	990	Magoosh GRE JH Improved By Adhocmaster
proscribe	Card 1	991	Magoosh GRE JH Improved By Adhocmaster
proselytize	Card 1	992	Magoosh GRE JH Improved By Adhocmaster
protean	Card 1	993	Magoosh GRE JH Improved By Adhocmaster
provident	Card 1	994	Magoosh GRE JH Improved By Adhocmaster
provincial	Card 1	257	Magoosh GRE JH Improved By Adhocmaster
provisional	Card 1	613	Magoosh GRE JH Improved By Adhocmaster
puerile	Card 1	995	Magoosh GRE JH Improved By Adhocmaster
pugnacious	Card 1	614	Magoosh GRE JH Improved By Adhocmaster
puissant	Card 1	996	Magoosh GRE JH Improved By Adhocmaster
punctilious	Card 1	997	Magoosh GRE JH Improved By Adhocmaster
pundit	Card 1	258	Magoosh GRE JH Improved By Adhocmaster
pyrrhic	Card 1	998	Magoosh GRE JH Improved By Adhocmaster
quail	Card 1	999	Magoosh GRE JH Improved By Adhocmaster
qualify	Card 1	259	Magoosh GRE JH Improved By Adhocmaster
qualify	Card 1	260	Magoosh GRE JH Improved By Adhocmaster
qualm	Card 1	615	Magoosh GRE JH Improved By Adhocmaster
quandary	Card 1	616	Magoosh GRE JH Improved By Adhocmaster
querulous	Card 1	261	Magoosh GRE JH Improved By Adhocmaster
quip	Card 1	617	Magoosh GRE JH Improved By Adhocmaster
quisling	Card 1	1000	Magoosh GRE JH Improved By Adhocmaster
quixotic	Card 1	1001	Magoosh GRE JH Improved By Adhocmaster
quotidian	Card 1	262	Magoosh GRE JH Improved By Adhocmaster
raconteur	Card 1	1002	Magoosh GRE JH Improved By Adhocmaster
raffish	Card 1	618	Magoosh GRE JH Improved By Adhocmaster
raft	Card 1	619	Magoosh GRE JH Improved By Adhocmaster
raillery	Card 1	1003	Magoosh GRE JH Improved By Adhocmaster
rakish	Card 1	620	Magoosh GRE JH Improved By Adhocmaster
rankle	Card 1	621	Magoosh GRE JH Improved By Adhocmaster
rapprochement	Card 1	1004	Magoosh GRE JH Improved By Adhocmaster
rarefied	Card 1	1005	Magoosh GRE JH Improved By Adhocmaster
rash	Card 1	622	Magoosh GRE JH Improved By Adhocmaster
ravenous	Card 1	263	Magoosh GRE JH Improved By Adhocmaster
rebuke	Card 1	264	Magoosh GRE JH Improved By Adhocmaster
recapitulation	Card 1	1006	Magoosh GRE JH Improved By Adhocmaster
reconcile	Card 1	265	Magoosh GRE JH Improved By Adhocmaster
recondite	Card 1	266	Magoosh GRE JH Improved By Adhocmaster
recrimination	Card 1	1007	Magoosh GRE JH Improved By Adhocmaster
recrudesce	Card 1	1008	Magoosh GRE JH Improved By Adhocmaster
redoubtable	Card 1	1009	Magoosh GRE JH Improved By Adhocmaster
redress	Card 1	623	Magoosh GRE JH Improved By Adhocmaster
refractory	Card 1	267	Magoosh GRE JH Improved By Adhocmaster
refute	Card 1	268	Magoosh GRE JH Improved By Adhocmaster
relegate	Card 1	624	Magoosh GRE JH Improved By Adhocmaster
remiss	Card 1	625	Magoosh GRE JH Improved By Adhocmaster
remonstrate	Card 1	1010	Magoosh GRE JH Improved By Adhocmaster
renege	Card 1	626	Magoosh GRE JH Improved By Adhocmaster
replete	Card 1	627	Magoosh GRE JH Improved By Adhocmaster
reprisal	Card 1	1011	Magoosh GRE JH Improved By Adhocmaster
reproach	Card 1	269	Magoosh GRE JH Improved By Adhocmaster
reprobate	Card 1	628	Magoosh GRE JH Improved By Adhocmaster
repudiate	Card 1	270	Magoosh GRE JH Improved By Adhocmaster
rescind	Card 1	271	Magoosh GRE JH Improved By Adhocmaster
reservation	Card 1	629	Magoosh GRE JH Improved By Adhocmaster
resignation	Card 1	630	Magoosh GRE JH Improved By Adhocmaster
resolve	Card 1	631	Magoosh GRE JH Improved By Adhocmaster
respite	Card 1	632	Magoosh GRE JH Improved By Adhocmaster
restive	Card 1	272	Magoosh GRE JH Improved By Adhocmaster
resurgent	Card 1	273	Magoosh GRE JH Improved By Adhocmaster
reticent	Card 1	274	Magoosh GRE JH Improved By Adhocmaster
retiring	Card 1	633	Magoosh GRE JH Improved By Adhocmaster
retract	Card 1	634	Magoosh GRE JH Improved By Adhocmaster
reverent	Card 1	275	Magoosh GRE JH Improved By Adhocmaster
ribald	Card 1	1012	Magoosh GRE JH Improved By Adhocmaster
rile	Card 1	635	Magoosh GRE JH Improved By Adhocmaster
robust	Card 1	636	Magoosh GRE JH Improved By Adhocmaster
row	Card 1	1013	Magoosh GRE JH Improved By Adhocmaster
rudimentary	Card 1	276	Magoosh GRE JH Improved By Adhocmaster
rustic	Card 1	277	Magoosh GRE JH Improved By Adhocmaster
sagacious	Card 1	1014	Magoosh GRE JH Improved By Adhocmaster
sanctimonious	Card 1	637	Magoosh GRE JH Improved By Adhocmaster
sanction	Card 1	278	Magoosh GRE JH Improved By Adhocmaster
sanction	Card 1	279	Magoosh GRE JH Improved By Adhocmaster
sangfroid	Card 1	1015	Magoosh GRE JH Improved By Adhocmaster
sanguine	Card 1	638	Magoosh GRE JH Improved By Adhocmaster
sardonic	Card 1	1016	Magoosh GRE JH Improved By Adhocmaster
sartorial	Card 1	1017	Magoosh GRE JH Improved By Adhocmaster
saturnine	Card 1	1018	Magoosh GRE JH Improved By Adhocmaster
savvy	Card 1	639	Magoosh GRE JH Improved By Adhocmaster
savvy	Card 1	640	Magoosh GRE JH Improved By Adhocmaster
savvy	Card 1	641	Magoosh GRE JH Improved By Adhocmaster
schadenfreude	Card 1	1019	Magoosh GRE JH Improved By Adhocmaster
scintillating	Card 1	642	Magoosh GRE JH Improved By Adhocmaster
screed	Card 1	643	Magoosh GRE JH Improved By Adhocmaster
scrupulous	Card 1	280	Magoosh GRE JH Improved By Adhocmaster
scrupulous	Card 1	281	Magoosh GRE JH Improved By Adhocmaster
sedulous	Card 1	1020	Magoosh GRE JH Improved By Adhocmaster
self-effacing	Card 1	1021	Magoosh GRE JH Improved By Adhocmaster
semblance	Card 1	1022	Magoosh GRE JH Improved By Adhocmaster
sententious	Card 1	1023	Magoosh GRE JH Improved By Adhocmaster
sentimental	Card 1	644	Magoosh GRE JH Improved By Adhocmaster
serendipity	Card 1	645	Magoosh GRE JH Improved By Adhocmaster
serene	Card 1	646	Magoosh GRE JH Improved By Adhocmaster
simulacrum	Card 1	1024	Magoosh GRE JH Improved By Adhocmaster
simulacrum	Card 1	1025	Magoosh GRE JH Improved By Adhocmaster
sinecure	Card 1	1026	Magoosh GRE JH Improved By Adhocmaster
slapdash	Card 1	647	Magoosh GRE JH Improved By Adhocmaster
smattering	Card 1	648	Magoosh GRE JH Improved By Adhocmaster
smug	Card 1	649	Magoosh GRE JH Improved By Adhocmaster
snide	Card 1	650	Magoosh GRE JH Improved By Adhocmaster
snub	Card 1	651	Magoosh GRE JH Improved By Adhocmaster
solecism	Card 1	1027	Magoosh GRE JH Improved By Adhocmaster
solicitous	Card 1	1028	Magoosh GRE JH Improved By Adhocmaster
solicitude	Card 1	1029	Magoosh GRE JH Improved By Adhocmaster
soporific	Card 1	282	Magoosh GRE JH Improved By Adhocmaster
sordid	Card 1	652	Magoosh GRE JH Improved By Adhocmaster
spartan	Card 1	1030	Magoosh GRE JH Improved By Adhocmaster
specious	Card 1	283	Magoosh GRE JH Improved By Adhocmaster
specious	Card 1	284	Magoosh GRE JH Improved By Adhocmaster
spendthrift	Card 1	653	Magoosh GRE JH Improved By Adhocmaster
splenetic	Card 1	1031	Magoosh GRE JH Improved By Adhocmaster
sporadic	Card 1	285	Magoosh GRE JH Improved By Adhocmaster
spurious	Card 1	286	Magoosh GRE JH Improved By Adhocmaster
spurn	Card 1	654	Magoosh GRE JH Improved By Adhocmaster
squander	Card 1	655	Magoosh GRE JH Improved By Adhocmaster
squelch	Card 1	1032	Magoosh GRE JH Improved By Adhocmaster
staid	Card 1	656	Magoosh GRE JH Improved By Adhocmaster
stalwart	Card 1	1033	Magoosh GRE JH Improved By Adhocmaster
start	Card 1	657	Magoosh GRE JH Improved By Adhocmaster
staunch	Card 1	287	Magoosh GRE JH Improved By Adhocmaster
steadfast	Card 1	658	Magoosh GRE JH Improved By Adhocmaster
stem	Card 1	659	Magoosh GRE JH Improved By Adhocmaster
stipend	Card 1	660	Magoosh GRE JH Improved By Adhocmaster
stolid	Card 1	661	Magoosh GRE JH Improved By Adhocmaster
stringent	Card 1	288	Magoosh GRE JH Improved By Adhocmaster
stultify	Card 1	1034	Magoosh GRE JH Improved By Adhocmaster
stymie	Card 1	662	Magoosh GRE JH Improved By Adhocmaster
subsume	Card 1	289	Magoosh GRE JH Improved By Adhocmaster
subsume	Card 1	290	Magoosh GRE JH Improved By Adhocmaster
subterfuge	Card 1	1035	Magoosh GRE JH Improved By Adhocmaster
subversive	Card 1	291	Magoosh GRE JH Improved By Adhocmaster
sullen	Card 1	292	Magoosh GRE JH Improved By Adhocmaster
summit	Card 1	663	Magoosh GRE JH Improved By Adhocmaster
summit	Card 1	664	Magoosh GRE JH Improved By Adhocmaster
supercilious	Card 1	1036	Magoosh GRE JH Improved By Adhocmaster
superfluous	Card 1	293	Magoosh GRE JH Improved By Adhocmaster
superfluous	Card 1	294	Magoosh GRE JH Improved By Adhocmaster
supplant	Card 1	295	Magoosh GRE JH Improved By Adhocmaster
surfeit	Card 1	1037	Magoosh GRE JH Improved By Adhocmaster
surly	Card 1	665	Magoosh GRE JH Improved By Adhocmaster
surreptitious	Card 1	1038	Magoosh GRE JH Improved By Adhocmaster
sybarite	Card 1	1039	Magoosh GRE JH Improved By Adhocmaster
sycophant	Card 1	296	Magoosh GRE JH Improved By Adhocmaster
taciturn	Card 1	297	Magoosh GRE JH Improved By Adhocmaster
tact	Card 1	666	Magoosh GRE JH Improved By Adhocmaster
tantamount	Card 1	298	Magoosh GRE JH Improved By Adhocmaster
tarnish	Card 1	667	Magoosh GRE JH Improved By Adhocmaster
tawdry	Card 1	668	Magoosh GRE JH Improved By Adhocmaster
taxing	Card 1	669	Magoosh GRE JH Improved By Adhocmaster
telling	Card 1	670	Magoosh GRE JH Improved By Adhocmaster
telltale	Card 1	671	Magoosh GRE JH Improved By Adhocmaster
temerity	Card 1	1040	Magoosh GRE JH Improved By Adhocmaster
temperance	Card 1	299	Magoosh GRE JH Improved By Adhocmaster
tempered	Card 1	300	Magoosh GRE JH Improved By Adhocmaster
tempestuous	Card 1	1041	Magoosh GRE JH Improved By Adhocmaster
tenacious	Card 1	301	Magoosh GRE JH Improved By Adhocmaster
tendentious	Card 1	1042	Magoosh GRE JH Improved By Adhocmaster
tender	Card 1	672	Magoosh GRE JH Improved By Adhocmaster
thoroughgoing	Card 1	673	Magoosh GRE JH Improved By Adhocmaster
thrifty	Card 1	674	Magoosh GRE JH Improved By Adhocmaster
thwart	Card 1	675	Magoosh GRE JH Improved By Adhocmaster
timorous	Card 1	302	Magoosh GRE JH Improved By Adhocmaster
tirade	Card 1	676	Magoosh GRE JH Improved By Adhocmaster
torpor	Card 1	303	Magoosh GRE JH Improved By Adhocmaster
tortuous	Card 1	304	Magoosh GRE JH Improved By Adhocmaster
tout	Card 1	677	Magoosh GRE JH Improved By Adhocmaster
tractable	Card 1	305	Magoosh GRE JH Improved By Adhocmaster
transient	Card 1	306	Magoosh GRE JH Improved By Adhocmaster
transitory	Card 1	678	Magoosh GRE JH Improved By Adhocmaster
transmute	Card 1	1043	Magoosh GRE JH Improved By Adhocmaster
travail	Card 1	679	Magoosh GRE JH Improved By Adhocmaster
travesty	Card 1	307	Magoosh GRE JH Improved By Adhocmaster
treacherous	Card 1	308	Magoosh GRE JH Improved By Adhocmaster
treacherous	Card 1	309	Magoosh GRE JH Improved By Adhocmaster
trenchant	Card 1	1044	Magoosh GRE JH Improved By Adhocmaster
tribulation	Card 1	680	Magoosh GRE JH Improved By Adhocmaster
trite	Card 1	310	Magoosh GRE JH Improved By Adhocmaster
truculence	Card 1	1045	Magoosh GRE JH Improved By Adhocmaster
truculent	Card 1	1046	Magoosh GRE JH Improved By Adhocmaster
truncate	Card 1	311	Magoosh GRE JH Improved By Adhocmaster
tumult	Card 1	681	Magoosh GRE JH Improved By Adhocmaster
turgid	Card 1	1047	Magoosh GRE JH Improved By Adhocmaster
turpitude	Card 1	1048	Magoosh GRE JH Improved By Adhocmaster
tyro	Card 1	1049	Magoosh GRE JH Improved By Adhocmaster
umbrage	Card 1	1050	Magoosh GRE JH Improved By Adhocmaster
unassailable	Card 1	1051	Magoosh GRE JH Improved By Adhocmaster
uncanny	Card 1	682	Magoosh GRE JH Improved By Adhocmaster
uncompromising	Card 1	683	Magoosh GRE JH Improved By Adhocmaster
unconscionable	Card 1	684	Magoosh GRE JH Improved By Adhocmaster
undermine	Card 1	312	Magoosh GRE JH Improved By Adhocmaster
underscore	Card 1	313	Magoosh GRE JH Improved By Adhocmaster
underwrite	Card 1	685	Magoosh GRE JH Improved By Adhocmaster
unequivocal	Card 1	314	Magoosh GRE JH Improved By Adhocmaster
unflappable	Card 1	1052	Magoosh GRE JH Improved By Adhocmaster
unforthcoming	Card 1	1053	Magoosh GRE JH Improved By Adhocmaster
unimpeachable	Card 1	1054	Magoosh GRE JH Improved By Adhocmaster
unnerve	Card 1	686	Magoosh GRE JH Improved By Adhocmaster
unprecedented	Card 1	687	Magoosh GRE JH Improved By Adhocmaster
unprepossessing	Card 1	1055	Magoosh GRE JH Improved By Adhocmaster
unpropitious	Card 1	1056	Magoosh GRE JH Improved By Adhocmaster
unruly	Card 1	688	Magoosh GRE JH Improved By Adhocmaster
unscrupulous	Card 1	315	Magoosh GRE JH Improved By Adhocmaster
unseemly	Card 1	689	Magoosh GRE JH Improved By Adhocmaster
unstinting	Card 1	1057	Magoosh GRE JH Improved By Adhocmaster
untenable	Card 1	1058	Magoosh GRE JH Improved By Adhocmaster
untoward	Card 1	1059	Magoosh GRE JH Improved By Adhocmaster
untrammeled	Card 1	1060	Magoosh GRE JH Improved By Adhocmaster
unviable	Card 1	1061	Magoosh GRE JH Improved By Adhocmaster
upbraid	Card 1	316	Magoosh GRE JH Improved By Adhocmaster
urbane	Card 1	690	Magoosh GRE JH Improved By Adhocmaster
vacillate	Card 1	317	Magoosh GRE JH Improved By Adhocmaster
vacuous	Card 1	691	Magoosh GRE JH Improved By Adhocmaster
vanquish	Card 1	692	Magoosh GRE JH Improved By Adhocmaster
variance	Card 1	693	Magoosh GRE JH Improved By Adhocmaster
vaunted	Card 1	1062	Magoosh GRE JH Improved By Adhocmaster
vehement	Card 1	318	Magoosh GRE JH Improved By Adhocmaster
venality	Card 1	319	Magoosh GRE JH Improved By Adhocmaster
veneer	Card 1	694	Magoosh GRE JH Improved By Adhocmaster
venerate	Card 1	320	Magoosh GRE JH Improved By Adhocmaster
venial	Card 1	1063	Magoosh GRE JH Improved By Adhocmaster
veracious	Card 1	321	Magoosh GRE JH Improved By Adhocmaster
verisimilitude	Card 1	1064	Magoosh GRE JH Improved By Adhocmaster
veritable	Card 1	1065	Magoosh GRE JH Improved By Adhocmaster
vicarious	Card 1	695	Magoosh GRE JH Improved By Adhocmaster
vicissitude	Card 1	1066	Magoosh GRE JH Improved By Adhocmaster
vie	Card 1	696	Magoosh GRE JH Improved By Adhocmaster
vilify	Card 1	322	Magoosh GRE JH Improved By Adhocmaster
vindicate	Card 1	323	Magoosh GRE JH Improved By Adhocmaster
vindictive	Card 1	697	Magoosh GRE JH Improved By Adhocmaster
virago	Card 1	698	Magoosh GRE JH Improved By Adhocmaster
vitriol	Card 1	1067	Magoosh GRE JH Improved By Adhocmaster
vitriolic	Card 1	1068	Magoosh GRE JH Improved By Adhocmaster
vituperate	Card 1	1069	Magoosh GRE JH Improved By Adhocmaster
vociferous	Card 1	324	Magoosh GRE JH Improved By Adhocmaster
volubility	Card 1	325	Magoosh GRE JH Improved By Adhocmaster
voracious	Card 1	699	Magoosh GRE JH Improved By Adhocmaster
wanting	Card 1	326	Magoosh GRE JH Improved By Adhocmaster
wanton	Card 1	700	Magoosh GRE JH Improved By Adhocmaster
wax	Card 1	701	Magoosh GRE JH Improved By Adhocmaster
whimsical	Card 1	702	Magoosh GRE JH Improved By Adhocmaster
winsome	Card 1	327	Magoosh GRE JH Improved By Adhocmaster
zeitgeist	Card 1	1070	Magoosh GRE JH Improved By Adhocmaster
zenith	Card 1	703	Magoosh GRE JH Improved By Adhocmaster
