Abash	Definition -> Word	2018-02-22	Norman Lewis Lexicon
Abate	Definition -> Word	2018-02-22	Norman Lewis Lexicon
Abdicate	Definition -> Word	3	Norman Lewis Lexicon
Aberration	Definition -> Word	4	Norman Lewis Lexicon
Abhor	Definition -> Word	5	Norman Lewis Lexicon
Abject	Definition -> Word	6	Norman Lewis Lexicon
Abnegate	Definition -> Word	7	Norman Lewis Lexicon
Abortive	Definition -> Word	8	Norman Lewis Lexicon
Abridge	Definition -> Word	9	Norman Lewis Lexicon
Absolute	Definition -> Word	10	Norman Lewis Lexicon
Absolve	Definition -> Word	11	Norman Lewis Lexicon
Abstinent	Definition -> Word	12	Norman Lewis Lexicon
Abstract	Definition -> Word	13	Norman Lewis Lexicon
Abstruse	Definition -> Word	14	Norman Lewis Lexicon
Abysmal	Definition -> Word	15	Norman Lewis Lexicon
Accolade	Definition -> Word	16	Norman Lewis Lexicon
Accost	Definition -> Word	17	Norman Lewis Lexicon
Acerbic	Definition -> Word	18	Norman Lewis Lexicon
Acquiesce	Definition -> Word	19	Norman Lewis Lexicon
Acrid	Definition -> Word	20	Norman Lewis Lexicon
Acrimonious	Definition -> Word	21	Norman Lewis Lexicon
Acumen	Definition -> Word	22	Norman Lewis Lexicon
Acute	Definition -> Word	23	Norman Lewis Lexicon
Adage	Definition -> Word	24	Norman Lewis Lexicon
Adamant	Definition -> Word	25	Norman Lewis Lexicon
Address	Definition -> Word	26	Norman Lewis Lexicon
Adherent	Definition -> Word	27	Norman Lewis Lexicon
Admonish	Definition -> Word	28	Norman Lewis Lexicon
Adroit	Definition -> Word	29	Norman Lewis Lexicon
Adulation	Definition -> Word	31	Norman Lewis Lexicon
Adulterate	Definition -> Word	32	Norman Lewis Lexicon
Adverse	Definition -> Word	33	Norman Lewis Lexicon
Aesthetic	Definition -> Word	34	Norman Lewis Lexicon
Affable	Definition -> Word	35	Norman Lewis Lexicon
Affectation	Definition -> Word	36	Norman Lewis Lexicon
Affinity	Definition -> Word	37	Norman Lewis Lexicon
Affluent	Definition -> Word	38	Norman Lewis Lexicon
Agenda	Definition -> Word	39	Norman Lewis Lexicon
Aggregate	Definition -> Word	41	Norman Lewis Lexicon
Agnostic	Definition -> Word	45	Norman Lewis Lexicon
Agrarian	Definition -> Word	40	Norman Lewis Lexicon
Alacrity	Definition -> Word	46	Norman Lewis Lexicon
Allege	Definition -> Word	47	Norman Lewis Lexicon
Alleviate	Definition -> Word	48	Norman Lewis Lexicon
Allocate	Definition -> Word	49	Norman Lewis Lexicon
Alloy	Definition -> Word	50	Norman Lewis Lexicon
Allusion	Definition -> Word	51	Norman Lewis Lexicon
Aloof	Definition -> Word	52	Norman Lewis Lexicon
Altruism	Definition -> Word	53	Norman Lewis Lexicon
Ambience	Definition -> Word	54	Norman Lewis Lexicon
Ambiguous	Definition -> Word	55	Norman Lewis Lexicon
Ambivalent	Definition -> Word	56	Norman Lewis Lexicon
Ameliorate	Definition -> Word	57	Norman Lewis Lexicon
Amenable	Definition -> Word	58	Norman Lewis Lexicon
Amenity	Definition -> Word	59	Norman Lewis Lexicon
Amiable	Definition -> Word	60	Norman Lewis Lexicon
Amicable	Definition -> Word	61	Norman Lewis Lexicon
Amnesty	Definition -> Word	62	Norman Lewis Lexicon
Amoral	Definition -> Word	63	Norman Lewis Lexicon
Amorous	Definition -> Word	64	Norman Lewis Lexicon
Amorphous	Definition -> Word	65	Norman Lewis Lexicon
Anachronism	Definition -> Word	66	Norman Lewis Lexicon
Analogy	Definition -> Word	67	Norman Lewis Lexicon
Anarchy	Definition -> Word	68	Norman Lewis Lexicon
Anecdote	Definition -> Word	70	Norman Lewis Lexicon
Anguish	Definition -> Word	71	Norman Lewis Lexicon
Animosity	Definition -> Word	72	Norman Lewis Lexicon
Anomaly	Definition -> Word	73	Norman Lewis Lexicon
Antecedent	Definition -> Word	74	Norman Lewis Lexicon
Antipathy	Definition -> Word	75	Norman Lewis Lexicon
Antithesis	Definition -> Word	76	Norman Lewis Lexicon
Apartheid	Definition -> Word	77	Norman Lewis Lexicon
Apathy	Definition -> Word	78	Norman Lewis Lexicon
Aphorism	Definition -> Word	79	Norman Lewis Lexicon
Apocalypse	Definition -> Word	80	Norman Lewis Lexicon
Apocryphal	Definition -> Word	81	Norman Lewis Lexicon
Apotheosis	Definition -> Word	82	Norman Lewis Lexicon
Appease	Definition -> Word	83	Norman Lewis Lexicon
Appreciate	Definition -> Word	84	Norman Lewis Lexicon
Apprehensive	Definition -> Word	86	Norman Lewis Lexicon
Approbation	Definition -> Word	88	Norman Lewis Lexicon
Appropriate	Definition -> Word	89	Norman Lewis Lexicon
Aptitude	Definition -> Word	92	Norman Lewis Lexicon
Arbiter	Definition -> Word	93	Norman Lewis Lexicon
Arbitrary	Definition -> Word	95	Norman Lewis Lexicon
Arbitrate	Definition -> Word	94	Norman Lewis Lexicon
Arcane	Definition -> Word	96	Norman Lewis Lexicon
Archaic	Definition -> Word	97	Norman Lewis Lexicon
Archetype	Definition -> Word	98	Norman Lewis Lexicon
Ardent	Definition -> Word	99	Norman Lewis Lexicon
Arduous	Definition -> Word	100	Norman Lewis Lexicon
Aristocratic	Definition -> Word	101	Norman Lewis Lexicon
Artful	Definition -> Word	102	Norman Lewis Lexicon
Artifice	Definition -> Word	103	Norman Lewis Lexicon
Ascendancy	Definition -> Word	104	Norman Lewis Lexicon
Ascetic	Definition -> Word	105	Norman Lewis Lexicon
Assiduous	Definition -> Word	106	Norman Lewis Lexicon
Assimilate	Definition -> Word	107	Norman Lewis Lexicon
Assuage	Definition -> Word	108	Norman Lewis Lexicon
Astute	Definition -> Word	109	Norman Lewis Lexicon
Attrition	Definition -> Word	110	Norman Lewis Lexicon
Audacity	Definition -> Word	111	Norman Lewis Lexicon
Augment	Definition -> Word	112	Norman Lewis Lexicon
Auspicious	Definition -> Word	113	Norman Lewis Lexicon
Austere	Definition -> Word	114	Norman Lewis Lexicon
Autocratic	Definition -> Word	115	Norman Lewis Lexicon
Autonomous	Definition -> Word	116	Norman Lewis Lexicon
Avarice	Definition -> Word	117	Norman Lewis Lexicon
Avow	Definition -> Word	118	Norman Lewis Lexicon
Avuncular	Definition -> Word	119	Norman Lewis Lexicon
Awry	Definition -> Word	120	Norman Lewis Lexicon
Axiom	Definition -> Word	121	Norman Lewis Lexicon
Banal	Definition -> Word	122	Norman Lewis Lexicon
Bane	Definition -> Word	123	Norman Lewis Lexicon
Bastion	Definition -> Word	124	Norman Lewis Lexicon
Beget	Definition -> Word	125	Norman Lewis Lexicon
Belabor	Definition -> Word	126	Norman Lewis Lexicon
Beleaguer	Definition -> Word	127	Norman Lewis Lexicon
Belie	Definition -> Word	128	Norman Lewis Lexicon
Belittle	Definition -> Word	129	Norman Lewis Lexicon
Belligerent	Definition -> Word	130	Norman Lewis Lexicon
Bemused	Definition -> Word	131	Norman Lewis Lexicon
Benefactor	Definition -> Word	132	Norman Lewis Lexicon
Beneficiary	Definition -> Word	133	Norman Lewis Lexicon
Benevolent	Definition -> Word	134	Norman Lewis Lexicon
Benign	Definition -> Word	135	Norman Lewis Lexicon
Bequeath	Definition -> Word	141	Norman Lewis Lexicon
Bequest	Definition -> Word	140	Norman Lewis Lexicon
Bereft	Definition -> Word	142	Norman Lewis Lexicon
Beset	Definition -> Word	143	Norman Lewis Lexicon
Blasphemy	Definition -> Word	144	Norman Lewis Lexicon
Blatant	Definition -> Word	145	Norman Lewis Lexicon
Blight	Definition -> Word	146	Norman Lewis Lexicon
Blithe	Definition -> Word	147	Norman Lewis Lexicon
Bourgeois	Definition -> Word	148	Norman Lewis Lexicon
Bovine	Definition -> Word	149	Norman Lewis Lexicon
Brevity	Definition -> Word	156	Norman Lewis Lexicon
Broach	Definition -> Word	157	Norman Lewis Lexicon
Bucolic	Definition -> Word	158	Norman Lewis Lexicon
Bureaucracy	Definition -> Word	159	Norman Lewis Lexicon
Burgeon	Definition -> Word	160	Norman Lewis Lexicon
Burlesque	Definition -> Word	161	Norman Lewis Lexicon
Cacophony	Definition -> Word	162	Norman Lewis Lexicon
Cadence	Definition -> Word	163	Norman Lewis Lexicon
Cajole	Definition -> Word	164	Norman Lewis Lexicon
Callow	Definition -> Word	165	Norman Lewis Lexicon
Candor	Definition -> Word	166	Norman Lewis Lexicon
Canine	Definition -> Word	150	Norman Lewis Lexicon
Capitalism	Definition -> Word	167	Norman Lewis Lexicon
Capitulate	Definition -> Word	168	Norman Lewis Lexicon
Capricious	Definition -> Word	170	Norman Lewis Lexicon
Caricature	Definition -> Word	171	Norman Lewis Lexicon
Castigate	Definition -> Word	172	Norman Lewis Lexicon
Catalyst	Definition -> Word	173	Norman Lewis Lexicon
Categorical	Definition -> Word	174	Norman Lewis Lexicon
Catharsis	Definition -> Word	175	Norman Lewis Lexicon
Catholic	Definition -> Word	176	Norman Lewis Lexicon
Caustic	Definition -> Word	177	Norman Lewis Lexicon
Celibacy	Definition -> Word	178	Norman Lewis Lexicon
Censure	Definition -> Word	179	Norman Lewis Lexicon
Cerebral	Definition -> Word	180	Norman Lewis Lexicon
Chagrin	Definition -> Word	181	Norman Lewis Lexicon
Charisma	Definition -> Word	182	Norman Lewis Lexicon
Charlatan	Definition -> Word	183	Norman Lewis Lexicon
Chasm	Definition -> Word	184	Norman Lewis Lexicon
Chastise	Definition -> Word	185	Norman Lewis Lexicon
Chicanery	Definition -> Word	186	Norman Lewis Lexicon
Chimera	Definition -> Word	187	Norman Lewis Lexicon
Chivalrous	Definition -> Word	188	Norman Lewis Lexicon
Choleric	Definition -> Word	189	Norman Lewis Lexicon
Chronic	Definition -> Word	190	Norman Lewis Lexicon
Chronicle	Definition -> Word	193	Norman Lewis Lexicon
Chronological	Definition -> Word	191	Norman Lewis Lexicon
Chronology	Definition -> Word	192	Norman Lewis Lexicon
Circuitous	Definition -> Word	194	Norman Lewis Lexicon
Circumlocution	Definition -> Word	195	Norman Lewis Lexicon
Circumscribe	Definition -> Word	196	Norman Lewis Lexicon
Circumspect	Definition -> Word	197	Norman Lewis Lexicon
Circumvent	Definition -> Word	198	Norman Lewis Lexicon
Civil	Definition -> Word	199	Norman Lewis Lexicon
Clandestine	Definition -> Word	200	Norman Lewis Lexicon
Clemency	Definition -> Word	201	Norman Lewis Lexicon
Cliche	Definition -> Word	203	Norman Lewis Lexicon
Clique	Definition -> Word	204	Norman Lewis Lexicon
Coalesce	Definition -> Word	205	Norman Lewis Lexicon
Coalition	Definition -> Word	206	Norman Lewis Lexicon
Coerce	Definition -> Word	207	Norman Lewis Lexicon
Cogent	Definition -> Word	208	Norman Lewis Lexicon
Cognitive	Definition -> Word	209	Norman Lewis Lexicon
Cognizant	Definition -> Word	210	Norman Lewis Lexicon
Coherent	Definition -> Word	211	Norman Lewis Lexicon
Colloquial	Definition -> Word	212	Norman Lewis Lexicon
Collusion	Definition -> Word	213	Norman Lewis Lexicon
Commensurate	Definition -> Word	214	Norman Lewis Lexicon
Compelling	Definition -> Word	215	Norman Lewis Lexicon
Compendium	Definition -> Word	216	Norman Lewis Lexicon
Complacent	Definition -> Word	217	Norman Lewis Lexicon
Complement	Definition -> Word	218	Norman Lewis Lexicon
Complicity	Definition -> Word	219	Norman Lewis Lexicon
Compose	Definition -> Word	222	Norman Lewis Lexicon
Comprehensive	Definition -> Word	220	Norman Lewis Lexicon
Comprise	Definition -> Word	221	Norman Lewis Lexicon
Conciliatory	Definition -> Word	223	Norman Lewis Lexicon
Concise	Definition -> Word	224	Norman Lewis Lexicon
Concord	Definition -> Word	225	Norman Lewis Lexicon
Concurrent	Definition -> Word	227	Norman Lewis Lexicon
Condescend	Definition -> Word	228	Norman Lewis Lexicon
Condone	Definition -> Word	229	Norman Lewis Lexicon
Conducive	Definition -> Word	230	Norman Lewis Lexicon
Confluence	Definition -> Word	231	Norman Lewis Lexicon
Congenial	Definition -> Word	232	Norman Lewis Lexicon
Congenital	Definition -> Word	233	Norman Lewis Lexicon
Congregate	Definition -> Word	42	Norman Lewis Lexicon
Conjecture	Definition -> Word	234	Norman Lewis Lexicon
Conjure	Definition -> Word	235	Norman Lewis Lexicon
Connoisseur	Definition -> Word	236	Norman Lewis Lexicon
Consecrate	Definition -> Word	237	Norman Lewis Lexicon
Consensus	Definition -> Word	239	Norman Lewis Lexicon
Consonant	Definition -> Word	240	Norman Lewis Lexicon
Construe	Definition -> Word	242	Norman Lewis Lexicon
Consummate	Definition -> Word	243	Norman Lewis Lexicon
Contentious	Definition -> Word	244	Norman Lewis Lexicon
Contiguous	Definition -> Word	245	Norman Lewis Lexicon
Contingent	Definition -> Word	246	Norman Lewis Lexicon
Contrite	Definition -> Word	247	Norman Lewis Lexicon
Contrived	Definition -> Word	248	Norman Lewis Lexicon
Conventional	Definition -> Word	249	Norman Lewis Lexicon
Convivial	Definition -> Word	250	Norman Lewis Lexicon
Copious	Definition -> Word	251	Norman Lewis Lexicon
Corollary	Definition -> Word	252	Norman Lewis Lexicon
Corroborate	Definition -> Word	253	Norman Lewis Lexicon
Cosmopolitan	Definition -> Word	254	Norman Lewis Lexicon
Countenance	Definition -> Word	255	Norman Lewis Lexicon
Coup	Definition -> Word	256	Norman Lewis Lexicon
Covenant	Definition -> Word	257	Norman Lewis Lexicon
Covert	Definition -> Word	258	Norman Lewis Lexicon
Covet	Definition -> Word	259	Norman Lewis Lexicon
Credible	Definition -> Word	261	Norman Lewis Lexicon
Creditable	Definition -> Word	264	Norman Lewis Lexicon
Credulous	Definition -> Word	260	Norman Lewis Lexicon
Criterion	Definition -> Word	265	Norman Lewis Lexicon
Cryptic	Definition -> Word	266	Norman Lewis Lexicon
Culinary	Definition -> Word	267	Norman Lewis Lexicon
Culminate	Definition -> Word	268	Norman Lewis Lexicon
Culpable	Definition -> Word	269	Norman Lewis Lexicon
Cursory	Definition -> Word	271	Norman Lewis Lexicon
Curtail	Definition -> Word	272	Norman Lewis Lexicon
Cynic	Definition -> Word	273	Norman Lewis Lexicon
Daunt	Definition -> Word	274	Norman Lewis Lexicon
Dearth	Definition -> Word	275	Norman Lewis Lexicon
Debacle	Definition -> Word	276	Norman Lewis Lexicon
Debauchery	Definition -> Word	277	Norman Lewis Lexicon
Debilitate	Definition -> Word	278	Norman Lewis Lexicon
Decadent	Definition -> Word	279	Norman Lewis Lexicon
Decimate	Definition -> Word	280	Norman Lewis Lexicon
Decorous	Definition -> Word	281	Norman Lewis Lexicon
Deduce	Definition -> Word	282	Norman Lewis Lexicon
Defame	Definition -> Word	283	Norman Lewis Lexicon
Deference	Definition -> Word	284	Norman Lewis Lexicon
Definitive	Definition -> Word	285	Norman Lewis Lexicon
Degenerate	Definition -> Word	286	Norman Lewis Lexicon
Deleterious	Definition -> Word	287	Norman Lewis Lexicon
Delineate	Definition -> Word	288	Norman Lewis Lexicon
Delude	Definition -> Word	289	Norman Lewis Lexicon
Deluge	Definition -> Word	290	Norman Lewis Lexicon
Demagogue	Definition -> Word	291	Norman Lewis Lexicon
Denizen	Definition -> Word	292	Norman Lewis Lexicon
Depravity	Definition -> Word	293	Norman Lewis Lexicon
Deprecate	Definition -> Word	294	Norman Lewis Lexicon
Depreciate	Definition -> Word	85	Norman Lewis Lexicon
Deride	Definition -> Word	295	Norman Lewis Lexicon
Derogatory	Definition -> Word	296	Norman Lewis Lexicon
Desecrate	Definition -> Word	238	Norman Lewis Lexicon
Desiccate	Definition -> Word	297	Norman Lewis Lexicon
Despondent	Definition -> Word	298	Norman Lewis Lexicon
Despot	Definition -> Word	299	Norman Lewis Lexicon
Destitute	Definition -> Word	300	Norman Lewis Lexicon
Desultory	Definition -> Word	301	Norman Lewis Lexicon
Dialectical	Definition -> Word	302	Norman Lewis Lexicon
Dictum	Definition -> Word	303	Norman Lewis Lexicon
Didactic	Definition -> Word	304	Norman Lewis Lexicon
Diffident	Definition -> Word	305	Norman Lewis Lexicon
Digress	Definition -> Word	306	Norman Lewis Lexicon
Dilettante	Definition -> Word	307	Norman Lewis Lexicon
Discern	Definition -> Word	308	Norman Lewis Lexicon
Discord	Definition -> Word	226	Norman Lewis Lexicon
Discreet	Definition -> Word	309	Norman Lewis Lexicon
Discrete	Definition -> Word	310	Norman Lewis Lexicon
Discriminate	Definition -> Word	312	Norman Lewis Lexicon
Disdain	Definition -> Word	313	Norman Lewis Lexicon
Disfranchise	Definition -> Word	352	Norman Lewis Lexicon
Disinterested	Definition -> Word	314	Norman Lewis Lexicon
Disparage	Definition -> Word	315	Norman Lewis Lexicon
Disparate	Definition -> Word	316	Norman Lewis Lexicon
Disseminate	Definition -> Word	317	Norman Lewis Lexicon
Dissipate	Definition -> Word	318	Norman Lewis Lexicon
Dissolution	Definition -> Word	319	Norman Lewis Lexicon
Dissonant	Definition -> Word	241	Norman Lewis Lexicon
Distend	Definition -> Word	320	Norman Lewis Lexicon
Distinguish	Definition -> Word	321	Norman Lewis Lexicon
Docile	Definition -> Word	322	Norman Lewis Lexicon
Doctrinaire	Definition -> Word	323	Norman Lewis Lexicon
Dogma	Definition -> Word	325	Norman Lewis Lexicon
Dogmatic	Definition -> Word	324	Norman Lewis Lexicon
Domestic	Definition -> Word	326	Norman Lewis Lexicon
Dormant	Definition -> Word	327	Norman Lewis Lexicon
Dubious	Definition -> Word	328	Norman Lewis Lexicon
Duplicity	Definition -> Word	329	Norman Lewis Lexicon
Ebullient	Definition -> Word	330	Norman Lewis Lexicon
Eccentric	Definition -> Word	331	Norman Lewis Lexicon
Eclectic	Definition -> Word	332	Norman Lewis Lexicon
Edify	Definition -> Word	333	Norman Lewis Lexicon
Efface	Definition -> Word	334	Norman Lewis Lexicon
Effusion	Definition -> Word	335	Norman Lewis Lexicon
Egalitarian	Definition -> Word	336	Norman Lewis Lexicon
Egocentric	Definition -> Word	337	Norman Lewis Lexicon
Egotist	Definition -> Word	338	Norman Lewis Lexicon
Egregious	Definition -> Word	339	Norman Lewis Lexicon
Elicit	Definition -> Word	340	Norman Lewis Lexicon
Elliptical	Definition -> Word	341	Norman Lewis Lexicon
Elusive	Definition -> Word	342	Norman Lewis Lexicon
Emigrate	Definition -> Word	343	Norman Lewis Lexicon
Eminent	Definition -> Word	345	Norman Lewis Lexicon
Empirical	Definition -> Word	346	Norman Lewis Lexicon
Emulate	Definition -> Word	347	Norman Lewis Lexicon
Encroach	Definition -> Word	348	Norman Lewis Lexicon
Endemic	Definition -> Word	349	Norman Lewis Lexicon
Enervate	Definition -> Word	350	Norman Lewis Lexicon
Enfranchise	Definition -> Word	351	Norman Lewis Lexicon
Engender	Definition -> Word	353	Norman Lewis Lexicon
Enigma	Definition -> Word	354	Norman Lewis Lexicon
Enormity	Definition -> Word	355	Norman Lewis Lexicon
Ephemeral	Definition -> Word	356	Norman Lewis Lexicon
Epigram	Definition -> Word	357	Norman Lewis Lexicon
Epigraph	Definition -> Word	358	Norman Lewis Lexicon
Epitaph	Definition -> Word	359	Norman Lewis Lexicon
Epithet	Definition -> Word	360	Norman Lewis Lexicon
Epitome	Definition -> Word	361	Norman Lewis Lexicon
Equanimity	Definition -> Word	362	Norman Lewis Lexicon
Equine	Definition -> Word	152	Norman Lewis Lexicon
Equitable	Definition -> Word	363	Norman Lewis Lexicon
Equivocal	Definition -> Word	364	Norman Lewis Lexicon
Equivocate	Definition -> Word	365	Norman Lewis Lexicon
Erudite	Definition -> Word	366	Norman Lewis Lexicon
Esoteric	Definition -> Word	367	Norman Lewis Lexicon
Espouse	Definition -> Word	368	Norman Lewis Lexicon
Ethereal	Definition -> Word	369	Norman Lewis Lexicon
Euphemism	Definition -> Word	370	Norman Lewis Lexicon
Evanescent	Definition -> Word	371	Norman Lewis Lexicon
Exacerbate	Definition -> Word	372	Norman Lewis Lexicon
Exacting	Definition -> Word	373	Norman Lewis Lexicon
Exalt	Definition -> Word	374	Norman Lewis Lexicon
Exasperate	Definition -> Word	375	Norman Lewis Lexicon
Exculpate	Definition -> Word	270	Norman Lewis Lexicon
Exemplify	Definition -> Word	376	Norman Lewis Lexicon
Exhaustive	Definition -> Word	377	Norman Lewis Lexicon
Exhort	Definition -> Word	378	Norman Lewis Lexicon
Exigency	Definition -> Word	379	Norman Lewis Lexicon
Existential	Definition -> Word	380	Norman Lewis Lexicon
Exonerate	Definition -> Word	381	Norman Lewis Lexicon
Expatriate	Definition -> Word	382	Norman Lewis Lexicon
Expedient	Definition -> Word	383	Norman Lewis Lexicon
Expedite	Definition -> Word	384	Norman Lewis Lexicon
Explicit	Definition -> Word	385	Norman Lewis Lexicon
Expropriate	Definition -> Word	91	Norman Lewis Lexicon
Extol	Definition -> Word	387	Norman Lewis Lexicon
Extraneous	Definition -> Word	388	Norman Lewis Lexicon
Extrapolate	Definition -> Word	389	Norman Lewis Lexicon
Extricate	Definition -> Word	390	Norman Lewis Lexicon
Extrovert	Definition -> Word	391	Norman Lewis Lexicon
Exult	Definition -> Word	393	Norman Lewis Lexicon
Fabrication	Definition -> Word	394	Norman Lewis Lexicon
Facetious	Definition -> Word	395	Norman Lewis Lexicon
Facile	Definition -> Word	396	Norman Lewis Lexicon
Faction	Definition -> Word	397	Norman Lewis Lexicon
Farcical	Definition -> Word	398	Norman Lewis Lexicon
Fastidious	Definition -> Word	399	Norman Lewis Lexicon
Fatalist	Definition -> Word	400	Norman Lewis Lexicon
Fatuous	Definition -> Word	401	Norman Lewis Lexicon
Fauna	Definition -> Word	402	Norman Lewis Lexicon
Fecund	Definition -> Word	404	Norman Lewis Lexicon
Felicity	Definition -> Word	405	Norman Lewis Lexicon
Feline	Definition -> Word	151	Norman Lewis Lexicon
Fervor	Definition -> Word	406	Norman Lewis Lexicon
Fetter	Definition -> Word	407	Norman Lewis Lexicon
Fidelity	Definition -> Word	408	Norman Lewis Lexicon
Figurative	Definition -> Word	409	Norman Lewis Lexicon
Finesse	Definition -> Word	411	Norman Lewis Lexicon
Flagrant	Definition -> Word	412	Norman Lewis Lexicon
Flaunt	Definition -> Word	413	Norman Lewis Lexicon
Flora	Definition -> Word	403	Norman Lewis Lexicon
Flounder	Definition -> Word	423	Norman Lewis Lexicon
Flout	Definition -> Word	414	Norman Lewis Lexicon
Foible	Definition -> Word	415	Norman Lewis Lexicon
Foment	Definition -> Word	416	Norman Lewis Lexicon
Forbear	Definition -> Word	417	Norman Lewis Lexicon
Forebear	Definition -> Word	418	Norman Lewis Lexicon
Forgo	Definition -> Word	419	Norman Lewis Lexicon
Forsake	Definition -> Word	420	Norman Lewis Lexicon
Fortuitous	Definition -> Word	421	Norman Lewis Lexicon
Founder	Definition -> Word	422	Norman Lewis Lexicon
Frenetic	Definition -> Word	424	Norman Lewis Lexicon
Frugal	Definition -> Word	425	Norman Lewis Lexicon
Furtive	Definition -> Word	426	Norman Lewis Lexicon
Futile	Definition -> Word	427	Norman Lewis Lexicon
Garrulous	Definition -> Word	428	Norman Lewis Lexicon
Gauche	Definition -> Word	30	Norman Lewis Lexicon
Genre	Definition -> Word	429	Norman Lewis Lexicon
Genteel	Definition -> Word	430	Norman Lewis Lexicon
Gesticulate	Definition -> Word	431	Norman Lewis Lexicon
Glut	Definition -> Word	432	Norman Lewis Lexicon
Grandiloquent	Definition -> Word	433	Norman Lewis Lexicon
Grandiose	Definition -> Word	434	Norman Lewis Lexicon
Gratuitous	Definition -> Word	435	Norman Lewis Lexicon
Gravity	Definition -> Word	436	Norman Lewis Lexicon
Gregarious	Definition -> Word	437	Norman Lewis Lexicon
Guile	Definition -> Word	438	Norman Lewis Lexicon
Hackneyed	Definition -> Word	439	Norman Lewis Lexicon
Hapless	Definition -> Word	440	Norman Lewis Lexicon
Harbinger	Definition -> Word	441	Norman Lewis Lexicon
Hedonism	Definition -> Word	442	Norman Lewis Lexicon
Hegemony	Definition -> Word	443	Norman Lewis Lexicon
Heresy	Definition -> Word	444	Norman Lewis Lexicon
Hermetic	Definition -> Word	445	Norman Lewis Lexicon
Heterogeneous	Definition -> Word	453	Norman Lewis Lexicon
Heyday	Definition -> Word	446	Norman Lewis Lexicon
Hiatus	Definition -> Word	447	Norman Lewis Lexicon
Hierarchy	Definition -> Word	448	Norman Lewis Lexicon
Hindrance	Definition -> Word	449	Norman Lewis Lexicon
Histrionic	Definition -> Word	450	Norman Lewis Lexicon
Homily	Definition -> Word	451	Norman Lewis Lexicon
Homogeneous	Definition -> Word	452	Norman Lewis Lexicon
Husbandry	Definition -> Word	454	Norman Lewis Lexicon
Hyperbole	Definition -> Word	455	Norman Lewis Lexicon
Hypothetical	Definition -> Word	456	Norman Lewis Lexicon
Iconoclast	Definition -> Word	457	Norman Lewis Lexicon
Ideology	Definition -> Word	458	Norman Lewis Lexicon
Idiosyncrasy	Definition -> Word	459	Norman Lewis Lexicon
Idyllic	Definition -> Word	460	Norman Lewis Lexicon
Ignominy	Definition -> Word	461	Norman Lewis Lexicon
Illicit	Definition -> Word	462	Norman Lewis Lexicon
Immigration	Definition -> Word	344	Norman Lewis Lexicon
Imminent	Definition -> Word	463	Norman Lewis Lexicon
Immutable	Definition -> Word	464	Norman Lewis Lexicon
Impartial	Definition -> Word	465	Norman Lewis Lexicon
Impeccable	Definition -> Word	466	Norman Lewis Lexicon
Imperial	Definition -> Word	467	Norman Lewis Lexicon
Imperious	Definition -> Word	468	Norman Lewis Lexicon
Impervious	Definition -> Word	469	Norman Lewis Lexicon
Impetuous	Definition -> Word	470	Norman Lewis Lexicon
Implement	Definition -> Word	471	Norman Lewis Lexicon
Implicit	Definition -> Word	386	Norman Lewis Lexicon
Imply	Definition -> Word	498	Norman Lewis Lexicon
Impotent	Definition -> Word	472	Norman Lewis Lexicon
Impugn	Definition -> Word	473	Norman Lewis Lexicon
Inane	Definition -> Word	474	Norman Lewis Lexicon
Inaugrate	Definition -> Word	475	Norman Lewis Lexicon
Incandescent	Definition -> Word	476	Norman Lewis Lexicon
Incantation	Definition -> Word	477	Norman Lewis Lexicon
Incense	Definition -> Word	478	Norman Lewis Lexicon
Incessant	Definition -> Word	479	Norman Lewis Lexicon
Incipient	Definition -> Word	480	Norman Lewis Lexicon
Incisive	Definition -> Word	481	Norman Lewis Lexicon
Inclement	Definition -> Word	202	Norman Lewis Lexicon
Incongruous	Definition -> Word	482	Norman Lewis Lexicon
Incorrigible	Definition -> Word	483	Norman Lewis Lexicon
Incredible	Definition -> Word	262	Norman Lewis Lexicon
Incredulous	Definition -> Word	263	Norman Lewis Lexicon
Increment	Definition -> Word	484	Norman Lewis Lexicon
Indifferent	Definition -> Word	485	Norman Lewis Lexicon
Indigenous	Definition -> Word	486	Norman Lewis Lexicon
Indigent	Definition -> Word	487	Norman Lewis Lexicon
Indignant	Definition -> Word	488	Norman Lewis Lexicon
Indiscrete	Definition -> Word	311	Norman Lewis Lexicon
Indolent	Definition -> Word	489	Norman Lewis Lexicon
Indulgent	Definition -> Word	490	Norman Lewis Lexicon
Ineffable	Definition -> Word	491	Norman Lewis Lexicon
Inept	Definition -> Word	492	Norman Lewis Lexicon
Inert	Definition -> Word	493	Norman Lewis Lexicon
Inexorable	Definition -> Word	494	Norman Lewis Lexicon
Infamous	Definition -> Word	495	Norman Lewis Lexicon
Infatuated	Definition -> Word	496	Norman Lewis Lexicon
Infer	Definition -> Word	497	Norman Lewis Lexicon
Infinitesimal	Definition -> Word	499	Norman Lewis Lexicon
Ingenuous	Definition -> Word	500	Norman Lewis Lexicon
Inherent	Definition -> Word	501	Norman Lewis Lexicon
Injunction	Definition -> Word	502	Norman Lewis Lexicon
Innate	Definition -> Word	503	Norman Lewis Lexicon
Innocuous	Definition -> Word	504	Norman Lewis Lexicon
Inordinate	Definition -> Word	505	Norman Lewis Lexicon
Insatiable	Definition -> Word	506	Norman Lewis Lexicon
Insidious	Definition -> Word	507	Norman Lewis Lexicon
Insinuate	Definition -> Word	508	Norman Lewis Lexicon
Insipid	Definition -> Word	509	Norman Lewis Lexicon
Insolent	Definition -> Word	510	Norman Lewis Lexicon
Insolvent	Definition -> Word	789	Norman Lewis Lexicon
Instigate	Definition -> Word	511	Norman Lewis Lexicon
Insubordinate	Definition -> Word	813	Norman Lewis Lexicon
Insular	Definition -> Word	512	Norman Lewis Lexicon
Insurgent	Definition -> Word	513	Norman Lewis Lexicon
Integral	Definition -> Word	514	Norman Lewis Lexicon
Integrate	Definition -> Word	44	Norman Lewis Lexicon
Intractable	Definition -> Word	515	Norman Lewis Lexicon
Intransigent	Definition -> Word	516	Norman Lewis Lexicon
Intrepid	Definition -> Word	851	Norman Lewis Lexicon
Intrinsic	Definition -> Word	517	Norman Lewis Lexicon
Introspective	Definition -> Word	518	Norman Lewis Lexicon
Introvert	Definition -> Word	392	Norman Lewis Lexicon
Inundate	Definition -> Word	519	Norman Lewis Lexicon
Invective	Definition -> Word	520	Norman Lewis Lexicon
Inveterate	Definition -> Word	521	Norman Lewis Lexicon
Irascible	Definition -> Word	522	Norman Lewis Lexicon
Ironic	Definition -> Word	523	Norman Lewis Lexicon
Irrevocable	Definition -> Word	524	Norman Lewis Lexicon
Itinerant	Definition -> Word	525	Norman Lewis Lexicon
Itinerary	Definition -> Word	526	Norman Lewis Lexicon
Judicious	Definition -> Word	527	Norman Lewis Lexicon
Juxtapose	Definition -> Word	528	Norman Lewis Lexicon
Kinetic	Definition -> Word	529	Norman Lewis Lexicon
Labyrinth	Definition -> Word	530	Norman Lewis Lexicon
Laconic	Definition -> Word	531	Norman Lewis Lexicon
Lament	Definition -> Word	532	Norman Lewis Lexicon
lampoon	Definition -> Word	533	Norman Lewis Lexicon
Languish	Definition -> Word	534	Norman Lewis Lexicon
Largess	Definition -> Word	535	Norman Lewis Lexicon
Latent	Definition -> Word	536	Norman Lewis Lexicon
Laud	Definition -> Word	537	Norman Lewis Lexicon
Legacy	Definition -> Word	538	Norman Lewis Lexicon
Lethargy	Definition -> Word	539	Norman Lewis Lexicon
Levity	Definition -> Word	540	Norman Lewis Lexicon
Libel	Definition -> Word	541	Norman Lewis Lexicon
Literal	Definition -> Word	410	Norman Lewis Lexicon
Litigate	Definition -> Word	543	Norman Lewis Lexicon
Loquacious	Definition -> Word	544	Norman Lewis Lexicon
Lucid	Definition -> Word	545	Norman Lewis Lexicon
Lugubrious	Definition -> Word	546	Norman Lewis Lexicon
Luminous	Definition -> Word	547	Norman Lewis Lexicon
Machination	Definition -> Word	548	Norman Lewis Lexicon
Macroeconomic	Definition -> Word	549	Norman Lewis Lexicon
Magnanimous	Definition -> Word	550	Norman Lewis Lexicon
Magnate	Definition -> Word	551	Norman Lewis Lexicon
Malaise	Definition -> Word	552	Norman Lewis Lexicon
Malefactor	Definition -> Word	139	Norman Lewis Lexicon
Malevolent	Definition -> Word	138	Norman Lewis Lexicon
Malfeasance	Definition -> Word	553	Norman Lewis Lexicon
Malign	Definition -> Word	137	Norman Lewis Lexicon
Malignant	Definition -> Word	136	Norman Lewis Lexicon
Malinger	Definition -> Word	554	Norman Lewis Lexicon
Malleable	Definition -> Word	555	Norman Lewis Lexicon
Mandate	Definition -> Word	556	Norman Lewis Lexicon
Manifest	Definition -> Word	557	Norman Lewis Lexicon
Manifesto	Definition -> Word	558	Norman Lewis Lexicon
Marshal	Definition -> Word	559	Norman Lewis Lexicon
Martial	Definition -> Word	560	Norman Lewis Lexicon
Martyr	Definition -> Word	561	Norman Lewis Lexicon
Matriculate	Definition -> Word	562	Norman Lewis Lexicon
Maudlin	Definition -> Word	563	Norman Lewis Lexicon
Maverick	Definition -> Word	564	Norman Lewis Lexicon
Maxim	Definition -> Word	565	Norman Lewis Lexicon
Mediate	Definition -> Word	566	Norman Lewis Lexicon
Mellifluous	Definition -> Word	567	Norman Lewis Lexicon
Mendacious	Definition -> Word	568	Norman Lewis Lexicon
Mendicant	Definition -> Word	569	Norman Lewis Lexicon
Mentor	Definition -> Word	570	Norman Lewis Lexicon
Mercenary	Definition -> Word	571	Norman Lewis Lexicon
Mercurial	Definition -> Word	572	Norman Lewis Lexicon
Metamorphosis	Definition -> Word	573	Norman Lewis Lexicon
Microcosm	Definition -> Word	574	Norman Lewis Lexicon
Milieu	Definition -> Word	575	Norman Lewis Lexicon
Minuscule	Definition -> Word	576	Norman Lewis Lexicon
Misanthropic	Definition -> Word	577	Norman Lewis Lexicon
Misapprehension	Definition -> Word	87	Norman Lewis Lexicon
Misappropriate	Definition -> Word	90	Norman Lewis Lexicon
Mitigate	Definition -> Word	578	Norman Lewis Lexicon
Mollify	Definition -> Word	579	Norman Lewis Lexicon
Monarchy	Definition -> Word	69	Norman Lewis Lexicon
Monolithic	Definition -> Word	580	Norman Lewis Lexicon
Moribund	Definition -> Word	581	Norman Lewis Lexicon
Morose	Definition -> Word	582	Norman Lewis Lexicon
Mortify	Definition -> Word	583	Norman Lewis Lexicon
Mundane	Definition -> Word	584	Norman Lewis Lexicon
Munificent	Definition -> Word	585	Norman Lewis Lexicon
Myopia	Definition -> Word	586	Norman Lewis Lexicon
Myriad	Definition -> Word	587	Norman Lewis Lexicon
Narcissism	Definition -> Word	588	Norman Lewis Lexicon
Nebulous	Definition -> Word	589	Norman Lewis Lexicon
Nefarious	Definition -> Word	590	Norman Lewis Lexicon
Neologism	Definition -> Word	591	Norman Lewis Lexicon
Nepotism	Definition -> Word	592	Norman Lewis Lexicon
Nihilism	Definition -> Word	593	Norman Lewis Lexicon
Nominal	Definition -> Word	594	Norman Lewis Lexicon
Nostalgia	Definition -> Word	595	Norman Lewis Lexicon
Notorious	Definition -> Word	596	Norman Lewis Lexicon
Novel	Definition -> Word	597	Norman Lewis Lexicon
Noxious	Definition -> Word	598	Norman Lewis Lexicon
Nuance	Definition -> Word	599	Norman Lewis Lexicon
Obdurate	Definition -> Word	600	Norman Lewis Lexicon
Obfuscate	Definition -> Word	601	Norman Lewis Lexicon
Oblique	Definition -> Word	602	Norman Lewis Lexicon
Oblivion	Definition -> Word	603	Norman Lewis Lexicon
Obscure	Definition -> Word	604	Norman Lewis Lexicon
Obsequious	Definition -> Word	605	Norman Lewis Lexicon
Obtuse	Definition -> Word	606	Norman Lewis Lexicon
Officious	Definition -> Word	607	Norman Lewis Lexicon
Onerous	Definition -> Word	608	Norman Lewis Lexicon
Opaque	Definition -> Word	609	Norman Lewis Lexicon
Opulent	Definition -> Word	610	Norman Lewis Lexicon
Orthodox	Definition -> Word	611	Norman Lewis Lexicon
Ostensible	Definition -> Word	612	Norman Lewis Lexicon
Ostentatious	Definition -> Word	613	Norman Lewis Lexicon
Pacify	Definition -> Word	614	Norman Lewis Lexicon
Painstaking	Definition -> Word	615	Norman Lewis Lexicon
Palliate	Definition -> Word	616	Norman Lewis Lexicon
Palpable	Definition -> Word	617	Norman Lewis Lexicon
Paltry	Definition -> Word	618	Norman Lewis Lexicon
Panacea	Definition -> Word	619	Norman Lewis Lexicon
Paradigm	Definition -> Word	620	Norman Lewis Lexicon
Paradox	Definition -> Word	621	Norman Lewis Lexicon
Parochial	Definition -> Word	622	Norman Lewis Lexicon
Parody	Definition -> Word	623	Norman Lewis Lexicon
Parsimonious	Definition -> Word	624	Norman Lewis Lexicon
Partisan	Definition -> Word	625	Norman Lewis Lexicon
Patent	Definition -> Word	626	Norman Lewis Lexicon
Paternal	Definition -> Word	627	Norman Lewis Lexicon
Pathology	Definition -> Word	628	Norman Lewis Lexicon
Patriarch	Definition -> Word	629	Norman Lewis Lexicon
Patrician	Definition -> Word	630	Norman Lewis Lexicon
Patronize	Definition -> Word	631	Norman Lewis Lexicon
Paucity	Definition -> Word	632	Norman Lewis Lexicon
Peccadillo	Definition -> Word	633	Norman Lewis Lexicon
Pedantic	Definition -> Word	634	Norman Lewis Lexicon
Pedestrian	Definition -> Word	635	Norman Lewis Lexicon
Pejorative	Definition -> Word	636	Norman Lewis Lexicon
Penchant	Definition -> Word	637	Norman Lewis Lexicon
Penitent	Definition -> Word	638	Norman Lewis Lexicon
Pensive	Definition -> Word	639	Norman Lewis Lexicon
Peremptory	Definition -> Word	640	Norman Lewis Lexicon
Perennial	Definition -> Word	641	Norman Lewis Lexicon
Perfidy	Definition -> Word	642	Norman Lewis Lexicon
Perfunctory	Definition -> Word	643	Norman Lewis Lexicon
Peripatetic	Definition -> Word	644	Norman Lewis Lexicon
Periphery	Definition -> Word	645	Norman Lewis Lexicon
Perjury	Definition -> Word	646	Norman Lewis Lexicon
Permeate	Definition -> Word	647	Norman Lewis Lexicon
Pernicious	Definition -> Word	648	Norman Lewis Lexicon
Perquisite	Definition -> Word	649	Norman Lewis Lexicon
Pertinent	Definition -> Word	651	Norman Lewis Lexicon
Perturb	Definition -> Word	652	Norman Lewis Lexicon
Peruse	Definition -> Word	653	Norman Lewis Lexicon
Pervade	Definition -> Word	654	Norman Lewis Lexicon
Petulant	Definition -> Word	655	Norman Lewis Lexicon
Philanthropy	Definition -> Word	656	Norman Lewis Lexicon
Philistine	Definition -> Word	657	Norman Lewis Lexicon
Pious	Definition -> Word	658	Norman Lewis Lexicon
Piscine	Definition -> Word	153	Norman Lewis Lexicon
Pivotal	Definition -> Word	659	Norman Lewis Lexicon
Placate	Definition -> Word	660	Norman Lewis Lexicon
Plaintive	Definition -> Word	661	Norman Lewis Lexicon
Platitude	Definition -> Word	662	Norman Lewis Lexicon
Plebeian	Definition -> Word	663	Norman Lewis Lexicon
Plethora	Definition -> Word	664	Norman Lewis Lexicon
Poignant	Definition -> Word	665	Norman Lewis Lexicon
Polarize	Definition -> Word	666	Norman Lewis Lexicon
Polemic	Definition -> Word	667	Norman Lewis Lexicon
Ponderous	Definition -> Word	668	Norman Lewis Lexicon
Porcine	Definition -> Word	154	Norman Lewis Lexicon
Portent	Definition -> Word	669	Norman Lewis Lexicon
Postulate	Definition -> Word	670	Norman Lewis Lexicon
Pragmatic	Definition -> Word	671	Norman Lewis Lexicon
Precedent	Definition -> Word	672	Norman Lewis Lexicon
Precept	Definition -> Word	673	Norman Lewis Lexicon
Precipitate	Definition -> Word	674	Norman Lewis Lexicon
Precipitous	Definition -> Word	675	Norman Lewis Lexicon
Preclude	Definition -> Word	676	Norman Lewis Lexicon
Precursor	Definition -> Word	677	Norman Lewis Lexicon
Predilection	Definition -> Word	678	Norman Lewis Lexicon
Preeminent	Definition -> Word	679	Norman Lewis Lexicon
Preempt	Definition -> Word	680	Norman Lewis Lexicon
Premise	Definition -> Word	681	Norman Lewis Lexicon
Prepossess	Definition -> Word	682	Norman Lewis Lexicon
Prerequisite	Definition -> Word	650	Norman Lewis Lexicon
Prerogative	Definition -> Word	683	Norman Lewis Lexicon
Prevail	Definition -> Word	684	Norman Lewis Lexicon
Pristine	Definition -> Word	685	Norman Lewis Lexicon
Prodigal	Definition -> Word	686	Norman Lewis Lexicon
Prodigious	Definition -> Word	687	Norman Lewis Lexicon
Prodigy	Definition -> Word	688	Norman Lewis Lexicon
Profane	Definition -> Word	689	Norman Lewis Lexicon
Profess	Definition -> Word	690	Norman Lewis Lexicon
Proficient	Definition -> Word	691	Norman Lewis Lexicon
Profligate	Definition -> Word	692	Norman Lewis Lexicon
Profound	Definition -> Word	693	Norman Lewis Lexicon
Profuse	Definition -> Word	694	Norman Lewis Lexicon
Proletariat	Definition -> Word	695	Norman Lewis Lexicon
Proliferate	Definition -> Word	696	Norman Lewis Lexicon
Prolific	Definition -> Word	697	Norman Lewis Lexicon
Promulgate	Definition -> Word	698	Norman Lewis Lexicon
Propensity	Definition -> Word	699	Norman Lewis Lexicon
Propitious	Definition -> Word	700	Norman Lewis Lexicon
Proponent	Definition -> Word	701	Norman Lewis Lexicon
Proprietary	Definition -> Word	702	Norman Lewis Lexicon
Propriety	Definition -> Word	703	Norman Lewis Lexicon
Prosaic	Definition -> Word	704	Norman Lewis Lexicon
Proscribe	Definition -> Word	705	Norman Lewis Lexicon
Proselytize	Definition -> Word	706	Norman Lewis Lexicon
Protagonist	Definition -> Word	707	Norman Lewis Lexicon
Protract	Definition -> Word	708	Norman Lewis Lexicon
Provident	Definition -> Word	709	Norman Lewis Lexicon
Provincial	Definition -> Word	710	Norman Lewis Lexicon
Provisional	Definition -> Word	711	Norman Lewis Lexicon
Proximity	Definition -> Word	712	Norman Lewis Lexicon
Prudent	Definition -> Word	713	Norman Lewis Lexicon
Purported	Definition -> Word	714	Norman Lewis Lexicon
Putative	Definition -> Word	715	Norman Lewis Lexicon
Qualify	Definition -> Word	716	Norman Lewis Lexicon
Qualitative	Definition -> Word	717	Norman Lewis Lexicon
Querulous	Definition -> Word	718	Norman Lewis Lexicon
Quixotic	Definition -> Word	719	Norman Lewis Lexicon
Ramification	Definition -> Word	720	Norman Lewis Lexicon
Rancor	Definition -> Word	721	Norman Lewis Lexicon
Rapacious	Definition -> Word	722	Norman Lewis Lexicon
Rebuke	Definition -> Word	723	Norman Lewis Lexicon
Rebut	Definition -> Word	724	Norman Lewis Lexicon
Recalcitrant	Definition -> Word	725	Norman Lewis Lexicon
Recant	Definition -> Word	726	Norman Lewis Lexicon
Recapitulate	Definition -> Word	169	Norman Lewis Lexicon
Reciprocal	Definition -> Word	727	Norman Lewis Lexicon
Reclusive	Definition -> Word	728	Norman Lewis Lexicon
Recondite	Definition -> Word	729	Norman Lewis Lexicon
Recrimination	Definition -> Word	730	Norman Lewis Lexicon
Redolent	Definition -> Word	731	Norman Lewis Lexicon
Redundant	Definition -> Word	732	Norman Lewis Lexicon
Refute	Definition -> Word	733	Norman Lewis Lexicon
Reiterate	Definition -> Word	734	Norman Lewis Lexicon
Relegate	Definition -> Word	735	Norman Lewis Lexicon
Relentless	Definition -> Word	736	Norman Lewis Lexicon
Relinquish	Definition -> Word	737	Norman Lewis Lexicon
Remonstrate	Definition -> Word	738	Norman Lewis Lexicon
Renaissance	Definition -> Word	739	Norman Lewis Lexicon
Renounce	Definition -> Word	740	Norman Lewis Lexicon
Reparation	Definition -> Word	741	Norman Lewis Lexicon
Repercussion	Definition -> Word	742	Norman Lewis Lexicon
Replenish	Definition -> Word	743	Norman Lewis Lexicon
Replete	Definition -> Word	744	Norman Lewis Lexicon
Reprehensible	Definition -> Word	745	Norman Lewis Lexicon
Reprisal	Definition -> Word	746	Norman Lewis Lexicon
Reproach	Definition -> Word	747	Norman Lewis Lexicon
Reprove	Definition -> Word	748	Norman Lewis Lexicon
Repudiate	Definition -> Word	749	Norman Lewis Lexicon
Requisite	Definition -> Word	750	Norman Lewis Lexicon
Resolute	Definition -> Word	751	Norman Lewis Lexicon
Respite	Definition -> Word	752	Norman Lewis Lexicon
Reticent	Definition -> Word	753	Norman Lewis Lexicon
Retract	Definition -> Word	754	Norman Lewis Lexicon
Reverberate	Definition -> Word	755	Norman Lewis Lexicon
Revere	Definition -> Word	756	Norman Lewis Lexicon
Rhetoric	Definition -> Word	757	Norman Lewis Lexicon
Rigorous	Definition -> Word	758	Norman Lewis Lexicon
Robust	Definition -> Word	759	Norman Lewis Lexicon
Rogue	Definition -> Word	760	Norman Lewis Lexicon
Rudimentary	Definition -> Word	761	Norman Lewis Lexicon
Ruminate	Definition -> Word	762	Norman Lewis Lexicon
Rustic	Definition -> Word	763	Norman Lewis Lexicon
Saccharine	Definition -> Word	764	Norman Lewis Lexicon
Sacrilege	Definition -> Word	765	Norman Lewis Lexicon
Sacrosanct	Definition -> Word	766	Norman Lewis Lexicon
Sagacious	Definition -> Word	767	Norman Lewis Lexicon
Sage	Definition -> Word	768	Norman Lewis Lexicon
Salient	Definition -> Word	769	Norman Lewis Lexicon
Salutary	Definition -> Word	770	Norman Lewis Lexicon
Sanctimonious	Definition -> Word	771	Norman Lewis Lexicon
Sanguine	Definition -> Word	772	Norman Lewis Lexicon
Sardonic	Definition -> Word	773	Norman Lewis Lexicon
Scintillate	Definition -> Word	774	Norman Lewis Lexicon
Scrupulous	Definition -> Word	775	Norman Lewis Lexicon
Scrutinize	Definition -> Word	776	Norman Lewis Lexicon
Secular	Definition -> Word	777	Norman Lewis Lexicon
Sedition	Definition -> Word	778	Norman Lewis Lexicon
Segregate	Definition -> Word	43	Norman Lewis Lexicon
Sensory	Definition -> Word	779	Norman Lewis Lexicon
Sentient	Definition -> Word	780	Norman Lewis Lexicon
Sequester	Definition -> Word	781	Norman Lewis Lexicon
Serendipity	Definition -> Word	782	Norman Lewis Lexicon
Servile	Definition -> Word	783	Norman Lewis Lexicon
Singular	Definition -> Word	784	Norman Lewis Lexicon
Slander	Definition -> Word	542	Norman Lewis Lexicon
Sloth	Definition -> Word	785	Norman Lewis Lexicon
Sobriety	Definition -> Word	786	Norman Lewis Lexicon
Solicitous	Definition -> Word	787	Norman Lewis Lexicon
Solvent	Definition -> Word	788	Norman Lewis Lexicon
Soporific	Definition -> Word	790	Norman Lewis Lexicon
Sordid	Definition -> Word	791	Norman Lewis Lexicon
Spawn	Definition -> Word	792	Norman Lewis Lexicon
Specious	Definition -> Word	793	Norman Lewis Lexicon
Sporadic	Definition -> Word	794	Norman Lewis Lexicon
Spurious	Definition -> Word	795	Norman Lewis Lexicon
Squalor	Definition -> Word	796	Norman Lewis Lexicon
Squander	Definition -> Word	797	Norman Lewis Lexicon
Stagnation	Definition -> Word	798	Norman Lewis Lexicon
Static	Definition -> Word	799	Norman Lewis Lexicon
Staunch	Definition -> Word	800	Norman Lewis Lexicon
Steadfast	Definition -> Word	801	Norman Lewis Lexicon
Stigmatize	Definition -> Word	802	Norman Lewis Lexicon
Stipulate	Definition -> Word	803	Norman Lewis Lexicon
Stoic	Definition -> Word	804	Norman Lewis Lexicon
Stratum	Definition -> Word	805	Norman Lewis Lexicon
Stricture	Definition -> Word	806	Norman Lewis Lexicon
Strife	Definition -> Word	807	Norman Lewis Lexicon
Stringent	Definition -> Word	808	Norman Lewis Lexicon
Stymie	Definition -> Word	809	Norman Lewis Lexicon
Subjugate	Definition -> Word	810	Norman Lewis Lexicon
Sublime	Definition -> Word	811	Norman Lewis Lexicon
Subordinate	Definition -> Word	812	Norman Lewis Lexicon
Substantive	Definition -> Word	814	Norman Lewis Lexicon
Subtle	Definition -> Word	815	Norman Lewis Lexicon
Subversive	Definition -> Word	816	Norman Lewis Lexicon
Succint	Definition -> Word	817	Norman Lewis Lexicon
Succumb	Definition -> Word	818	Norman Lewis Lexicon
Supercilious	Definition -> Word	819	Norman Lewis Lexicon
Superficial	Definition -> Word	820	Norman Lewis Lexicon
Superfluous	Definition -> Word	821	Norman Lewis Lexicon
Surfeit	Definition -> Word	822	Norman Lewis Lexicon
Surreptitious	Definition -> Word	823	Norman Lewis Lexicon
Surrogate	Definition -> Word	824	Norman Lewis Lexicon
Sycophant	Definition -> Word	825	Norman Lewis Lexicon
Synthesis	Definition -> Word	826	Norman Lewis Lexicon
Tacit	Definition -> Word	827	Norman Lewis Lexicon
Taciturn	Definition -> Word	828	Norman Lewis Lexicon
Tangential	Definition -> Word	829	Norman Lewis Lexicon
Tangible	Definition -> Word	830	Norman Lewis Lexicon
Tantamount	Definition -> Word	831	Norman Lewis Lexicon
Tautological	Definition -> Word	832	Norman Lewis Lexicon
Temerity	Definition -> Word	833	Norman Lewis Lexicon
Temperate	Definition -> Word	834	Norman Lewis Lexicon
Tenable	Definition -> Word	835	Norman Lewis Lexicon
Tenacious	Definition -> Word	836	Norman Lewis Lexicon
Tenet	Definition -> Word	837	Norman Lewis Lexicon
Tentative	Definition -> Word	838	Norman Lewis Lexicon
Tenuous	Definition -> Word	839	Norman Lewis Lexicon
Terse	Definition -> Word	840	Norman Lewis Lexicon
Theology	Definition -> Word	842	Norman Lewis Lexicon
Tirade	Definition -> Word	843	Norman Lewis Lexicon
Torpor	Definition -> Word	841	Norman Lewis Lexicon
Touchstone	Definition -> Word	844	Norman Lewis Lexicon
Tout	Definition -> Word	845	Norman Lewis Lexicon
Transcend	Definition -> Word	846	Norman Lewis Lexicon
Transgress	Definition -> Word	847	Norman Lewis Lexicon
Transient	Definition -> Word	848	Norman Lewis Lexicon
Transitory	Definition -> Word	849	Norman Lewis Lexicon
Trepidation	Definition -> Word	850	Norman Lewis Lexicon
Turpitude	Definition -> Word	852	Norman Lewis Lexicon
Ubiquitous	Definition -> Word	853	Norman Lewis Lexicon
Unconscionable	Definition -> Word	854	Norman Lewis Lexicon
Unctuous	Definition -> Word	855	Norman Lewis Lexicon
Uniform	Definition -> Word	856	Norman Lewis Lexicon
Unremitting	Definition -> Word	857	Norman Lewis Lexicon
Unwitting	Definition -> Word	858	Norman Lewis Lexicon
Urbane	Definition -> Word	859	Norman Lewis Lexicon
Ursine	Definition -> Word	155	Norman Lewis Lexicon
Usurp	Definition -> Word	860	Norman Lewis Lexicon
Utilitarian	Definition -> Word	861	Norman Lewis Lexicon
Utopia	Definition -> Word	862	Norman Lewis Lexicon
Vacillate	Definition -> Word	863	Norman Lewis Lexicon
Vapid	Definition -> Word	864	Norman Lewis Lexicon
Vehement	Definition -> Word	865	Norman Lewis Lexicon
Venal	Definition -> Word	866	Norman Lewis Lexicon
Venerate	Definition -> Word	867	Norman Lewis Lexicon
Veracity	Definition -> Word	868	Norman Lewis Lexicon
Verbose	Definition -> Word	869	Norman Lewis Lexicon
Verisimilitude	Definition -> Word	870	Norman Lewis Lexicon
Vernacular	Definition -> Word	871	Norman Lewis Lexicon
Vestige	Definition -> Word	872	Norman Lewis Lexicon
Vex	Definition -> Word	873	Norman Lewis Lexicon
Viable	Definition -> Word	874	Norman Lewis Lexicon
Vicarious	Definition -> Word	875	Norman Lewis Lexicon
Vicissitudes	Definition -> Word	876	Norman Lewis Lexicon
Vilify	Definition -> Word	877	Norman Lewis Lexicon
Vindicate	Definition -> Word	878	Norman Lewis Lexicon
Vindictive	Definition -> Word	879	Norman Lewis Lexicon
Virtuoso	Definition -> Word	880	Norman Lewis Lexicon
Virulent	Definition -> Word	881	Norman Lewis Lexicon
Visionary	Definition -> Word	882	Norman Lewis Lexicon
Vitiate	Definition -> Word	883	Norman Lewis Lexicon
Vitriolic	Definition -> Word	884	Norman Lewis Lexicon
Vocation	Definition -> Word	885	Norman Lewis Lexicon
Vociferous	Definition -> Word	886	Norman Lewis Lexicon
Volatile	Definition -> Word	887	Norman Lewis Lexicon
Volition	Definition -> Word	888	Norman Lewis Lexicon
Wanton	Definition -> Word	889	Norman Lewis Lexicon
Willful	Definition -> Word	890	Norman Lewis Lexicon
Wistful	Definition -> Word	891	Norman Lewis Lexicon
Zealous	Definition -> Word	892	Norman Lewis Lexicon
