abase	Normal	1343754027	Word Smart
abash	Normal	1343753202	Word Smart
abate	Normal	1343753203	Word Smart
abdicate	Normal	1343753204	Word Smart
aberration	Normal	1343753205	Word Smart
abet	Normal	1343754028	Word Smart
abeyance	Normal	1343754029	Word Smart
abhor	Normal	1343753206	Word Smart
abject	Normal	1343753207	Word Smart
abjure	Normal	1343754030	Word Smart
abnegate	Normal	1343753208	Word Smart
abomination	Normal	1343754031	Word Smart
aboriginal	Normal	1343754032	Word Smart
abortive	Normal	1343753209	Word Smart
abound	Normal	1343754033	Word Smart
abridge	Normal	1343753210	Word Smart
abrogate	Normal	1343754034	Word Smart
absolute	Normal	1343753211	Word Smart
absolve	Normal	1343753212	Word Smart
abstinent	Normal	1343753213	Word Smart
abstract	Normal	1343753214	Word Smart
abstruse	Normal	1343753215	Word Smart
abysmal	Normal	1343753216	Word Smart
accede	Normal	1343754035	Word Smart
accentuate	Normal	1343754036	Word Smart
access	Normal	1343754037	Word Smart
acclaim	Normal	1343754038	Word Smart
accolade	Normal	1343753217	Word Smart
accord	Normal	1343754039	Word Smart
accost	Normal	1343753218	Word Smart
accouterments	Normal	1343754040	Word Smart
accrue	Normal	1343754041	Word Smart
acerbic	Normal	1343753219	Word Smart
acquiesce	Normal	1343753220	Word Smart
acquisitive	Normal	1343754042	Word Smart
acquit	Normal	1343754043	Word Smart
acrid	Normal	1343753221	Word Smart
acrimonious	Normal	1343753222	Word Smart
acronym	Normal	1343754044	Word Smart
acumen	Normal	1343753223	Word Smart
acute	Normal	1343753224	Word Smart
ad-lib	Normal	1343754048	Word Smart
adamant	Normal	1343753225	Word Smart
address	Normal	1343753226	Word Smart
adduce	Normal	1343754045	Word Smart
adherent	Normal	1343753227	Word Smart
adjourn	Normal	1343754046	Word Smart
adjunct	Normal	1343754047	Word Smart
admonish	Normal	1343753228	Word Smart
adroit	Normal	1343753229	Word Smart
adulation	Normal	1343753230	Word Smart
adulterate	Normal	1343753231	Word Smart
advent	Normal	1343754049	Word Smart
adventitious	Normal	1343754050	Word Smart
adverse	Normal	1343753232	Word Smart
advocate	Normal	1343754051	Word Smart
aesthetic	Normal	1343753233	Word Smart
affable	Normal	1343753234	Word Smart
affectation	Normal	1343753235	Word Smart
affidavit	Normal	1343754052	Word Smart
affiliate	Normal	1343754053	Word Smart
affinity	Normal	1343753236	Word Smart
affliction	Normal	1343754054	Word Smart
affluent	Normal	1343753237	Word Smart
afford	Normal	1343754055	Word Smart
affront	Normal	1343754056	Word Smart
aftermath	Normal	1343754057	Word Smart
agenda	Normal	1343753238	Word Smart
aggrandize	Normal	1343754058	Word Smart
aggregate	Normal	1343753240	Word Smart
aggrieve	Normal	1343754059	Word Smart
aghast	Normal	1343754060	Word Smart
agnostic	Normal	1343753241	Word Smart
agrarian	Normal	1343753239	Word Smart
alacrity	Normal	1343753242	Word Smart
alchemy	Normal	1343754061	Word Smart
alienate	Normal	1343754062	Word Smart
allege	Normal	1343753243	Word Smart
allegiance	Normal	1343754063	Word Smart
allegory	Normal	1343754064	Word Smart
alleviate	Normal	1343753244	Word Smart
allocate	Normal	1343753245	Word Smart
allot	Normal	1343754065	Word Smart
alloy	Normal	1343753246	Word Smart
allusion	Normal	1343753247	Word Smart
aloof	Normal	1343753248	Word Smart
altercation	Normal	1343754066	Word Smart
altruism	Normal	1343753249	Word Smart
amass	Normal	1343754067	Word Smart
ambiance	Normal	1343753250	Word Smart
ambiguous	Normal	1343753251	Word Smart
ambivalent	Normal	1343753252	Word Smart
ameliorate	Normal	1343753253	Word Smart
amenable	Normal	1343753254	Word Smart
amenity	Normal	1343753255	Word Smart
amiable	Normal	1343753256	Word Smart
amid	Normal	1343754068	Word Smart
amnesty	Normal	1343753257	Word Smart
amoral	Normal	1343753258	Word Smart
amorous	Normal	1343753259	Word Smart
amorphous	Normal	1343753260	Word Smart
anachronism	Normal	1343753261	Word Smart
analogy	Normal	1343753262	Word Smart
anarchy	Normal	1343753263	Word Smart
anathema	Normal	1343754069	Word Smart
ancillary	Normal	1343754070	Word Smart
anecdote	Normal	1343753264	Word Smart
angst	Normal	1343754071	Word Smart
anguish	Normal	1343753265	Word Smart
animosity	Normal	1343753266	Word Smart
annex	Normal	1343754072	Word Smart
annuity	Normal	1343754073	Word Smart
anomaly	Normal	1343753267	Word Smart
antecedent	Normal	1343753268	Word Smart
antedate	Normal	1343754074	Word Smart
anterior	Normal	1343754075	Word Smart
anthology	Normal	1343754076	Word Smart
antipathy	Normal	1343753269	Word Smart
antipodal	Normal	1343754077	Word Smart
antiquity	Normal	1343754078	Word Smart
antithesis	Normal	1343753270	Word Smart
apartheid	Normal	1343753271	Word Smart
apathy	Normal	1343753272	Word Smart
aperture	Normal	1343754079	Word Smart
apex	Normal	1343754080	Word Smart
aphorism	Normal	1343753273	Word Smart
apocalypse	Normal	1343753274	Word Smart
apocryphal	Normal	1343753275	Word Smart
apogee	Normal	1343754081	Word Smart
apoplexy	Normal	1343754082	Word Smart
apostasy	Normal	1343754083	Word Smart
apotheosis	Normal	1343753276	Word Smart
appalling	Normal	1343754084	Word Smart
apparition	Normal	1343754085	Word Smart
appease	Normal	1343753277	Word Smart
appellation	Normal	1343754086	Word Smart
appendage	Normal	1343754087	Word Smart
apportion	Normal	1343754088	Word Smart
apposite	Normal	1343754089	Word Smart
appraise	Normal	1343754090	Word Smart
appreciate	Normal	1343753278	Word Smart
apprehensive	Normal	1343753279	Word Smart
apprise	Normal	1343754091	Word Smart
approbation	Normal	1343753280	Word Smart
appropriate	Normal	1343753281	Word Smart
appurtenance	Normal	1343754092	Word Smart
apropos	Normal	1343754093	Word Smart
apt	Normal	1343754094	Word Smart
aptitude	Normal	1343753282	Word Smart
arbiter	Normal	1343753283	Word Smart
arbitrary	Normal	1343753284	Word Smart
arcane	Normal	1343753285	Word Smart
archaic	Normal	1343753286	Word Smart
archetype	Normal	1343753287	Word Smart
archipelago	Normal	1343754095	Word Smart
archives	Normal	1343754096	Word Smart
ardent	Normal	1343753288	Word Smart
arduous	Normal	1343753289	Word Smart
arid	Normal	1343754097	Word Smart
aristocratic	Normal	1343753290	Word Smart
armament	Normal	1343754098	Word Smart
armistice	Normal	1343754099	Word Smart
arraign	Normal	1343754100	Word Smart
arrant	Normal	1343754101	Word Smart
arrears	Normal	1343754102	Word Smart
arsenal	Normal	1343754103	Word Smart
artful	Normal	1343753291	Word Smart
articulate	Normal	1343754104	Word Smart
artifice	Normal	1343753292	Word Smart
artisan	Normal	1343754105	Word Smart
ascendancy	Normal	1343753293	Word Smart
ascertain	Normal	1343754106	Word Smart
ascetic	Normal	1343753294	Word Smart
ascribe	Normal	1343754107	Word Smart
askance	Normal	1343754108	Word Smart
aspersion	Normal	1343754109	Word Smart
assail	Normal	1343754110	Word Smart
assert	Normal	1343754111	Word Smart
assess	Normal	1343754112	Word Smart
assiduous	Normal	1343753295	Word Smart
assimilate	Normal	1343753296	Word Smart
assuage	Normal	1343753297	Word Smart
astringent	Normal	1343754113	Word Smart
astute	Normal	1343753298	Word Smart
asylum	Normal	1343754114	Word Smart
at the lower limit of quality;	Normal	1343754560	Word Smart
atone	Normal	1343754115	Word Smart
atrophy	Normal	1343754116	Word Smart
attest	Normal	1343754117	Word Smart
attribute	Normal	1343754118	Word Smart
attrition	Normal	1343753299	Word Smart
audacity	Normal	1343753300	Word Smart
augment	Normal	1343753301	Word Smart
augur	Normal	1343754119	Word Smart
august	Normal	1343754120	Word Smart
auspices	Normal	1343754121	Word Smart
auspicious	Normal	1343753302	Word Smart
austere	Normal	1343753303	Word Smart
autocratic	Normal	1343753304	Word Smart
autonomous	Normal	1343753305	Word Smart
auxiliary	Normal	1343754122	Word Smart
avail	Normal	1343754123	Word Smart
avarice	Normal	1343753306	Word Smart
aversion	Normal	1343754124	Word Smart
avert	Normal	1343754125	Word Smart
avid	Normal	1343754126	Word Smart
avow	Normal	1343753307	Word Smart
avuncular	Normal	1343753308	Word Smart
awry	Normal	1343753309	Word Smart
axiom	Normal	1343753310	Word Smart
bacchanal	Normal	1343754127	Word Smart
baleful	Normal	1343754128	Word Smart
balk	Normal	1343754129	Word Smart
ballyhoo	Normal	1343754130	Word Smart
balm	Normal	1343754131	Word Smart
banal	Normal	1343753311	Word Smart
bandy	Normal	1343754132	Word Smart
bane	Normal	1343753312	Word Smart
banter	Normal	1343754133	Word Smart
baroque	Normal	1343754134	Word Smart
barrage	Normal	1343754135	Word Smart
bastion	Normal	1343753313	Word Smart
bauble	Normal	1343754136	Word Smart
bedlam	Normal	1343754137	Word Smart
beget	Normal	1343753314	Word Smart
begrudge	Normal	1343754138	Word Smart
behest	Normal	1343754139	Word Smart
belabor	Normal	1343753315	Word Smart
beleaguer	Normal	1343753316	Word Smart
belie	Normal	1343753317	Word Smart
belittle	Normal	1343753318	Word Smart
belligerent	Normal	1343753319	Word Smart
bemoan	Normal	1343754140	Word Smart
bemused	Normal	1343753320	Word Smart
benediction	Normal	1343754141	Word Smart
benefactor	Normal	1343753321	Word Smart
benevolent	Normal	1343753322	Word Smart
benighted	Normal	1343754142	Word Smart
benign	Normal	1343753323	Word Smart
bequest	Normal	1343753324	Word Smart
bereaved	Normal	1343753325	Word Smart
beset	Normal	1343753326	Word Smart
bestow	Normal	1343754143	Word Smart
bilious	Normal	1343754144	Word Smart
bivouac	Normal	1343754145	Word Smart
blanch	Normal	1343754146	Word Smart
bland	Normal	1343754147	Word Smart
blandishment	Normal	1343754148	Word Smart
blasphemy	Normal	1343753327	Word Smart
blatant	Normal	1343753328	Word Smart
blight	Normal	1343753329	Word Smart
bliss	Normal	1343754149	Word Smart
blithe	Normal	1343753330	Word Smart
bluster	Normal	1343754150	Word Smart
bombast	Normal	1343754151	Word Smart
bon vivant	Normal	1343754152	Word Smart
bona fide	Normal	1343754153	Word Smart
boon	Normal	1343754154	Word Smart
boor	Normal	1343754155	Word Smart
booty	Normal	1343754156	Word Smart
botch	Normal	1343754157	Word Smart
bourgeois	Normal	1343753331	Word Smart
bovine	Normal	1343753332	Word Smart
bracing	Normal	1343754158	Word Smart
brandish	Normal	1343754159	Word Smart
bravado	Normal	1343754160	Word Smart
brawn	Normal	1343754161	Word Smart
brazen	Normal	1343754162	Word Smart
breach	Normal	1343754163	Word Smart
brevity	Normal	1343753333	Word Smart
brink	Normal	1343754164	Word Smart
bristle	Normal	1343754165	Word Smart
broach	Normal	1343753334	Word Smart
bromide	Normal	1343754166	Word Smart
brouhaha	Normal	1343754167	Word Smart
brusque	Normal	1343754168	Word Smart
bucolic	Normal	1343753335	Word Smart
buffoon	Normal	1343754169	Word Smart
bulwark	Normal	1343754170	Word Smart
bureaucracy	Normal	1343753336	Word Smart
burgeon	Normal	1343753337	Word Smart
burlesque	Normal	1343753338	Word Smart
cabal	Normal	1343754171	Word Smart
cache	Normal	1343754172	Word Smart
cacophony	Normal	1343753339	Word Smart
cadence	Normal	1343753340	Word Smart
cajole	Normal	1343753341	Word Smart
calamity	Normal	1343754173	Word Smart
callous	Normal	1343754174	Word Smart
callow	Normal	1343753342	Word Smart
calumny	Normal	1343754175	Word Smart
candor	Normal	1343753343	Word Smart
canon	Normal	1343754176	Word Smart
cant	Normal	1343754177	Word Smart
canvass	Normal	1343754178	Word Smart
capacious	Normal	1343754179	Word Smart
Capitalism	Normal	1343753344	Word Smart
capitulate	Normal	1343753345	Word Smart
capricious	Normal	1343753346	Word Smart
captivate	Normal	1343754180	Word Smart
carcinogenic	Normal	1343754181	Word Smart
cardinal	Normal	1343754182	Word Smart
careen	Normal	1343754183	Word Smart
caricature	Normal	1343753347	Word Smart
cartography	Normal	1343754184	Word Smart
cascade	Normal	1343754185	Word Smart
castigate	Normal	1343753348	Word Smart
cataclysm	Normal	1343754186	Word Smart
catalyst	Normal	1343753349	Word Smart
categorical	Normal	1343753350	Word Smart
catharsis	Normal	1343753351	Word Smart
catholic	Normal	1343753352	Word Smart
caustic	Normal	1343753353	Word Smart
cavalier	Normal	1343754187	Word Smart
cavil	Normal	1343754188	Word Smart
celibacy	Normal	1343753354	Word Smart
censure	Normal	1343753355	Word Smart
cerebral	Normal	1343753356	Word Smart
chaff	Normal	1343754189	Word Smart
chagrin	Normal	1343753357	Word Smart
chameleon	Normal	1343754190	Word Smart
champion	Normal	1343754191	Word Smart
channel	Normal	1343754192	Word Smart
charisma	Normal	1343753358	Word Smart
charlatan	Normal	1343753359	Word Smart
chasm	Normal	1343753360	Word Smart
chaste	Normal	1343754193	Word Smart
chastise	Normal	1343753361	Word Smart
cherub	Normal	1343754194	Word Smart
chicanery	Normal	1343753362	Word Smart
chimera	Normal	1343753363	Word Smart
choleric	Normal	1343753364	Word Smart
chortle	Normal	1343754195	Word Smart
chronic	Normal	1343753365	Word Smart
chronicle	Normal	1343753366	Word Smart
churl	Normal	1343754196	Word Smart
chutzpah	Normal	1343754197	Word Smart
cipher	Normal	1343754198	Word Smart
circuitous	Normal	1343753367	Word Smart
circumlocution	Normal	1343753368	Word Smart
circumnavigate	Normal	1343754199	Word Smart
circumscribe	Normal	1343753369	Word Smart
circumspect	Normal	1343753370	Word Smart
circumvent	Normal	1343753371	Word Smart
citadel	Normal	1343754200	Word Smart
civil	Normal	1343753372	Word Smart
clandestine	Normal	1343754201	Word Smart
classic	Normal	1343754202	Word Smart
cleave	Normal	1343754203	Word Smart
clemency	Normal	1343753373	Word Smart
cliche	Normal	1343753374	Word Smart
climatic	Normal	1343754204	Word Smart
clique	Normal	1343753375	Word Smart
cloister	Normal	1343754205	Word Smart
clone	Normal	1343754206	Word Smart
clout	Normal	1343754207	Word Smart
cloy	Normal	1343754208	Word Smart
coalesce	Normal	1343753376	Word Smart
coddle	Normal	1343754209	Word Smart
coerce	Normal	1343753377	Word Smart
cogent	Normal	1343753378	Word Smart
cogitate	Normal	1343754210	Word Smart
cognitive	Normal	1343753379	Word Smart
cognizant	Normal	1343753380	Word Smart
coherent	Normal	1343753381	Word Smart
cohort	Normal	1343754211	Word Smart
colloquial	Normal	1343753382	Word Smart
collusion	Normal	1343753383	Word Smart
commemorate	Normal	1343754212	Word Smart
commensurate	Normal	1343753384	Word Smart
commiserate	Normal	1343754213	Word Smart
commodious	Normal	1343754214	Word Smart
compatible	Normal	1343754215	Word Smart
compelling	Normal	1343753385	Word Smart
compendium	Normal	1343753386	Word Smart
competent	Normal	1343754216	Word Smart
compile	Normal	1343754217	Word Smart
complacent	Normal	1343753387	Word Smart
complement	Normal	1343753388	Word Smart
complicity	Normal	1343753389	Word Smart
comply	Normal	1343754218	Word Smart
composed	Normal	1343754219	Word Smart
comprehensive	Normal	1343753390	Word Smart
comprise	Normal	1343753391	Word Smart
compromise	Normal	1343754220	Word Smart
compunction	Normal	1343754221	Word Smart
concave	Normal	1343754222	Word Smart
concede	Normal	1343754223	Word Smart
concentric	Normal	1343754224	Word Smart
concert	Normal	1343754225	Word Smart
conciliatory	Normal	1343753392	Word Smart
concise	Normal	1343753393	Word Smart
concoct	Normal	1343754226	Word Smart
concomitant	Normal	1343754227	Word Smart
concord	Normal	1343753394	Word Smart
concurrent	Normal	1343753395	Word Smart
condescend	Normal	1343753396	Word Smart
condone	Normal	1343753397	Word Smart
conducive	Normal	1343753398	Word Smart
confederate	Normal	1343754228	Word Smart
confer	Normal	1343754229	Word Smart
confidant	Normal	1343754230	Word Smart
configuration	Normal	1343754231	Word Smart
conflagration	Normal	1343754232	Word Smart
confluence	Normal	1343753399	Word Smart
confluence	Normal	1343754233	Word Smart
confound	Normal	1343754234	Word Smart
congeal	Normal	1343754235	Word Smart
congenial	Normal	1343753400	Word Smart
congenital	Normal	1343753401	Word Smart
conjecture	Normal	1343753402	Word Smart
conjugal	Normal	1343754236	Word Smart
conjure	Normal	1343753403	Word Smart
connive	Normal	1343754237	Word Smart
connoisseur	Normal	1343753404	Word Smart
consecrate	Normal	1343753405	Word Smart
consensus	Normal	1343753406	Word Smart
conservatory	Normal	1343754238	Word Smart
consign	Normal	1343754239	Word Smart
consolidate	Normal	1343754240	Word Smart
consonant	Normal	1343753407	Word Smart
conspicuous	Normal	1343754241	Word Smart
consternation	Normal	1343754242	Word Smart
constituency	Normal	1343754243	Word Smart
construe	Normal	1343753408	Word Smart
consummate	Normal	1343753409	Word Smart
contempt	Normal	1343754244	Word Smart
contentious	Normal	1343753410	Word Smart
contiguous	Normal	1343753411	Word Smart
contingent	Normal	1343753412	Word Smart
continuum	Normal	1343754245	Word Smart
contraband	Normal	1343754246	Word Smart
contretemps	Normal	1343754247	Word Smart
contrite	Normal	1343753413	Word Smart
contrived	Normal	1343753414	Word Smart
contumely	Normal	1343754248	Word Smart
conundrum	Normal	1343754249	Word Smart
convene	Normal	1343754250	Word Smart
conventional	Normal	1343753415	Word Smart
conversant	Normal	1343754251	Word Smart
converse	Normal	1343754252	Word Smart
convey	Normal	1343754253	Word Smart
conviction	Normal	1343754254	Word Smart
convivial	Normal	1343753416	Word Smart
convolution	Normal	1343754255	Word Smart
copious	Normal	1343753417	Word Smart
copious	Normal	1343754256	Word Smart
cordial	Normal	1343754257	Word Smart
corollary	Normal	1343753418	Word Smart
corollary	Normal	1343754258	Word Smart
corporeal	Normal	1343754259	Word Smart
correlation	Normal	1343754260	Word Smart
corroborate	Normal	1343753419	Word Smart
corrosive	Normal	1343754261	Word Smart
corrugated	Normal	1343754262	Word Smart
cosmopolitan	Normal	1343753420	Word Smart
coterie	Normal	1343754263	Word Smart
countenance	Normal	1343753421	Word Smart
coup	Normal	1343753422	Word Smart
covenant	Normal	1343753423	Word Smart
covert	Normal	1343753424	Word Smart
covet	Normal	1343753425	Word Smart
cower	Normal	1343754264	Word Smart
crass	Normal	1343754265	Word Smart
craven	Normal	1343754266	Word Smart
credulous	Normal	1343753426	Word Smart
crescendo	Normal	1343754267	Word Smart
crestfallen	Normal	1343754268	Word Smart
crevice	Normal	1343754269	Word Smart
cringe	Normal	1343754270	Word Smart
criterion	Normal	1343753427	Word Smart
critique	Normal	1343754271	Word Smart
crux	Normal	1343754272	Word Smart
cryptic	Normal	1343753428	Word Smart
cuisine	Normal	1343754273	Word Smart
culinary	Normal	1343753429	Word Smart
cull	Normal	1343754274	Word Smart
culminate	Normal	1343753430	Word Smart
culpable	Normal	1343753431	Word Smart
curb	Normal	1343754275	Word Smart
curmudgeon	Normal	1343754276	Word Smart
cursory	Normal	1343753432	Word Smart
cursory	Normal	1343754277	Word Smart
curtail	Normal	1343753433	Word Smart
cynic	Normal	1343753434	Word Smart
daunt	Normal	1343753435	Word Smart
dearth	Normal	1343753436	Word Smart
debacle	Normal	1343753437	Word Smart
debase	Normal	1343754278	Word Smart
debauchery	Normal	1343753438	Word Smart
debilitate	Normal	1343753439	Word Smart
debunk	Normal	1343754279	Word Smart
decadent	Normal	1343753440	Word Smart
decimate	Normal	1343753441	Word Smart
decorous	Normal	1343753442	Word Smart
decree	Normal	1343754280	Word Smart
decry	Normal	1343754281	Word Smart
deduce	Normal	1343753443	Word Smart
deem	Normal	1343754282	Word Smart
defame	Normal	1343753444	Word Smart
deference	Normal	1343753445	Word Smart
deficit	Normal	1343754283	Word Smart
defile	Normal	1343754284	Word Smart
definitive	Normal	1343753446	Word Smart
deft	Normal	1343754285	Word Smart
defunct	Normal	1343754286	Word Smart
degenerate	Normal	1343753447	Word Smart
degrade	Normal	1343754287	Word Smart
deign	Normal	1343754288	Word Smart
deity	Normal	1343754289	Word Smart
dejected	Normal	1343754290	Word Smart
delectable	Normal	1343754291	Word Smart
deleterious	Normal	1343753448	Word Smart
delineate	Normal	1343753449	Word Smart
delinquent	Normal	1343754292	Word Smart
delude	Normal	1343753450	Word Smart
deluge	Normal	1343753451	Word Smart
delve	Normal	1343754293	Word Smart
demagogue	Normal	1343753452	Word Smart
demeanor	Normal	1343754294	Word Smart
demise	Normal	1343754295	Word Smart
demography	Normal	1343754296	Word Smart
demur	Normal	1343754297	Word Smart
demure	Normal	1343754298	Word Smart
denizen	Normal	1343753453	Word Smart
denomination	Normal	1343754299	Word Smart
denote	Normal	1343754300	Word Smart
denounce	Normal	1343754301	Word Smart
depict	Normal	1343754302	Word Smart
deplete	Normal	1343754303	Word Smart
deplore	Normal	1343754304	Word Smart
deploy	Normal	1343754305	Word Smart
depose	Normal	1343754306	Word Smart
depravity	Normal	1343753454	Word Smart
deprecate	Normal	1343753455	Word Smart
depredate	Normal	1343754307	Word Smart
derelict	Normal	1343754308	Word Smart
deride	Normal	1343753456	Word Smart
derogatory	Normal	1343753457	Word Smart
desiccate	Normal	1343753458	Word Smart
desist	Normal	1343754309	Word Smart
despondent	Normal	1343753459	Word Smart
despot	Normal	1343753460	Word Smart
destitute	Normal	1343753461	Word Smart
desultory	Normal	1343753462	Word Smart
devout	Normal	1343754310	Word Smart
dialectical	Normal	1343753463	Word Smart
diatribe	Normal	1343754311	Word Smart
dichotomy	Normal	1343754312	Word Smart
dictum	Normal	1343753464	Word Smart
didactic	Normal	1343753465	Word Smart
diffident	Normal	1343753466	Word Smart
diffuse	Normal	1343754313	Word Smart
digress	Normal	1343753467	Word Smart
dilapidated	Normal	1343754314	Word Smart
dilate	Normal	1343754315	Word Smart
dilemma	Normal	1343754316	Word Smart
dilettante	Normal	1343753468	Word Smart
diminution	Normal	1343754317	Word Smart
dire	Normal	1343754318	Word Smart
dirge	Normal	1343754319	Word Smart
disaffect	Normal	1343754320	Word Smart
disarray	Normal	1343754321	Word Smart
discern	Normal	1343753469	Word Smart
disclaim	Normal	1343754322	Word Smart
discomfit	Normal	1343754323	Word Smart
disconcert	Normal	1343754324	Word Smart
discourse	Normal	1343754325	Word Smart
discreet	Normal	1343753470	Word Smart
discrepancy	Normal	1343754326	Word Smart
discrete	Normal	1343753471	Word Smart
discriminate	Normal	1343753472	Word Smart
discursive	Normal	1343754327	Word Smart
disdain	Normal	1343753473	Word Smart
disgruntle	Normal	1343754328	Word Smart
disinterested	Normal	1343753474	Word Smart
dismal	Normal	1343754329	Word Smart
dismay	Normal	1343754330	Word Smart
disparage	Normal	1343753475	Word Smart
disparate	Normal	1343753476	Word Smart
dispassionate	Normal	1343754331	Word Smart
disperse	Normal	1343754332	Word Smart
dispirit	Normal	1343754333	Word Smart
disposition	Normal	1343754334	Word Smart
disproportionate	Normal	1343754335	Word Smart
disquiet	Normal	1343754336	Word Smart
dissemble	Normal	1343754337	Word Smart
disseminate	Normal	1343753477	Word Smart
dissent	Normal	1343754338	Word Smart
disservice	Normal	1343754339	Word Smart
dissident	Normal	1343754340	Word Smart
dissipate	Normal	1343753478	Word Smart
dissolution	Normal	1343753479	Word Smart
dissuade	Normal	1343754341	Word Smart
distend	Normal	1343753480	Word Smart
distinct	Normal	1343754342	Word Smart
distinguish	Normal	1343753481	Word Smart
diurnal	Normal	1343754343	Word Smart
divine	Normal	1343754344	Word Smart
divulge	Normal	1343754345	Word Smart
docile	Normal	1343753482	Word Smart
doctrinaire	Normal	1343753483	Word Smart
document	Normal	1343754346	Word Smart
dogmatic	Normal	1343753484	Word Smart
doldrums	Normal	1343754347	Word Smart
doleful	Normal	1343754348	Word Smart
dolt	Normal	1343754349	Word Smart
domestic	Normal	1343753485	Word Smart
dormant	Normal	1343753486	Word Smart
dotage	Normal	1343754350	Word Smart
dour	Normal	1343754351	Word Smart
downcast	Normal	1343754352	Word Smart
downplay	Normal	1343754353	Word Smart
draconian	Normal	1343754354	Word Smart
droll	Normal	1343754355	Word Smart
dross	Normal	1343754356	Word Smart
dubious	Normal	1343753487	Word Smart
duplicity	Normal	1343753488	Word Smart
duress	Normal	1343754357	Word Smart
ebb	Normal	1343754358	Word Smart
ebullient	Normal	1343753489	Word Smart
eccentric	Normal	1343753490	Word Smart
ecclesiastical	Normal	1343754359	Word Smart
eclectic	Normal	1343753491	Word Smart
eclipse	Normal	1343754360	Word Smart
edict	Normal	1343754361	Word Smart
edifice	Normal	1343754362	Word Smart
edify	Normal	1343753492	Word Smart
efface	Normal	1343753493	Word Smart
effectual	Normal	1343754363	Word Smart
efficacy	Normal	1343754364	Word Smart
effigy	Normal	1343754365	Word Smart
effusion	Normal	1343753494	Word Smart
egalitarian	Normal	1343753495	Word Smart
egocentric	Normal	1343753496	Word Smart
egregious	Normal	1343753497	Word Smart
elation	Normal	1343754366	Word Smart
electorate	Normal	1343754367	Word Smart
elegy	Normal	1343754368	Word Smart
elicit	Normal	1343753498	Word Smart
elite	Normal	1343754369	Word Smart
Ellipsis	Normal	1343753500	Word Smart
elliptical	Normal	1343753499	Word Smart
elocution	Normal	1343754370	Word Smart
elusive	Normal	1343753501	Word Smart
emaciate	Normal	1343754371	Word Smart
emanate	Normal	1343754372	Word Smart
emancipate	Normal	1343754373	Word Smart
embargo	Normal	1343754374	Word Smart
embellish	Normal	1343754375	Word Smart
embroil	Normal	1343754376	Word Smart
embryonic	Normal	1343754377	Word Smart
emigrant	Normal	1343753503	Word Smart
emigrate	Normal	1343753502	Word Smart
emissary	Normal	1343754378	Word Smart
empathy	Normal	1343754379	Word Smart
empirical	Normal	1343753504	Word Smart
empower	Normal	1343754380	Word Smart
emulate	Normal	1343753505	Word Smart
encroach	Normal	1343753506	Word Smart
endear	Normal	1343754381	Word Smart
endemic	Normal	1343753507	Word Smart
enervate	Normal	1343753508	Word Smart
enfranchise	Normal	1343753509	Word Smart
engaging	Normal	1343754382	Word Smart
engender	Normal	1343753510	Word Smart
enigma	Normal	1343753511	Word Smart
enmity	Normal	1343754383	Word Smart
ennui	Normal	1343754384	Word Smart
enormity	Normal	1343753512	Word Smart
ensue	Normal	1343754385	Word Smart
entail	Normal	1343754386	Word Smart
entity	Normal	1343754387	Word Smart
entreat	Normal	1343754388	Word Smart
entrepreneur	Normal	1343754389	Word Smart
enumerate	Normal	1343754390	Word Smart
envision	Normal	1343754391	Word Smart
ephemeral	Normal	1343753513	Word Smart
epicure	Normal	1343754392	Word Smart
epigram	Normal	1343753514	Word Smart
epilogue	Normal	1343754393	Word Smart
epitome	Normal	1343753515	Word Smart
epoch	Normal	1343754394	Word Smart
equanimity	Normal	1343753516	Word Smart
equestrian	Normal	1343754395	Word Smart
equitable	Normal	1343753517	Word Smart
equivocal	Normal	1343753518	Word Smart
erudite	Normal	1343753519	Word Smart
esoteric	Normal	1343753520	Word Smart
espouse	Normal	1343753521	Word Smart
estimable	Normal	1343754396	Word Smart
estrange	Normal	1343754397	Word Smart
ethereal	Normal	1343753522	Word Smart
ethics	Normal	1343754398	Word Smart
eulogy	Normal	1343754399	Word Smart
euphemism	Normal	1343753523	Word Smart
evanescent	Normal	1343753524	Word Smart
evince	Normal	1343754400	Word Smart
evoke	Normal	1343754401	Word Smart
exacerbate	Normal	1343753525	Word Smart
exacting	Normal	1343753526	Word Smart
exalt	Normal	1343753527	Word Smart
exasperate	Normal	1343753528	Word Smart
excise	Normal	1343754402	Word Smart
exemplify	Normal	1343753529	Word Smart
exempt	Normal	1343754403	Word Smart
exhaustive	Normal	1343753530	Word Smart
exhort	Normal	1343753531	Word Smart
exhume	Normal	1343754404	Word Smart
exigency	Normal	1343753532	Word Smart
existential	Normal	1343753533	Word Smart
exodus	Normal	1343754405	Word Smart
exonerate	Normal	1343753534	Word Smart
exorbitant	Normal	1343754406	Word Smart
expatriate	Normal	1343753535	Word Smart
expedient	Normal	1343753536	Word Smart
expedite	Normal	1343753537	Word Smart
expiate	Normal	1343754407	Word Smart
explicate	Normal	1343754408	Word Smart
explicit	Normal	1343753538	Word Smart
exposition	Normal	1343754409	Word Smart
expostulate	Normal	1343754410	Word Smart
expunge	Normal	1343754411	Word Smart
exquisite	Normal	1343754412	Word Smart
extant	Normal	1343754413	Word Smart
extol	Normal	1343753539	Word Smart
extort	Normal	1343754414	Word Smart
extraneous	Normal	1343753540	Word Smart
extrapolate	Normal	1343753541	Word Smart
extremity	Normal	1343754415	Word Smart
extricate	Normal	1343753542	Word Smart
extrovert	Normal	1343753543	Word Smart
exuberant	Normal	1343754416	Word Smart
exult	Normal	1343753544	Word Smart
fabrication	Normal	1343753545	Word Smart
facade	Normal	1343754417	Word Smart
facet	Normal	1343754418	Word Smart
facetious	Normal	1343753546	Word Smart
facile	Normal	1343753547	Word Smart
faction	Normal	1343753548	Word Smart
fallacy	Normal	1343754419	Word Smart
farcical	Normal	1343753549	Word Smart
fastidious	Normal	1343753550	Word Smart
fatalist	Normal	1343753551	Word Smart
fathom	Normal	1343754420	Word Smart
fatuous	Normal	1343753552	Word Smart
fauna	Normal	1343753553	Word Smart
faux	Normal	1343754421	Word Smart
fawn	Normal	1343754422	Word Smart
fecund	Normal	1343753554	Word Smart
feign	Normal	1343754423	Word Smart
felicity	Normal	1343753555	Word Smart
fervor	Normal	1343753556	Word Smart
fester	Normal	1343754424	Word Smart
fetish	Normal	1343754425	Word Smart
fetter	Normal	1343753557	Word Smart
fiasco	Normal	1343754426	Word Smart
fiat	Normal	1343754427	Word Smart
fickle	Normal	1343754428	Word Smart
fidelity	Normal	1343753558	Word Smart
figment	Normal	1343754429	Word Smart
figurative	Normal	1343753559	Word Smart
finesse	Normal	1343753560	Word Smart
fiscal	Normal	1343754430	Word Smart
flagrant	Normal	1343753561	Word Smart
flaunt	Normal	1343753562	Word Smart
fledgling	Normal	1343754431	Word Smart
flippant	Normal	1343754432	Word Smart
florid	Normal	1343754433	Word Smart
flout	Normal	1343753563	Word Smart
fodder	Normal	1343754434	Word Smart
foible	Normal	1343753564	Word Smart
folly	Normal	1343754435	Word Smart
foment	Normal	1343753565	Word Smart
foray	Normal	1343754436	Word Smart
forbear	Normal	1343753566	Word Smart
forebode	Normal	1343754437	Word Smart
foreclose	Normal	1343754438	Word Smart
forensic	Normal	1343754439	Word Smart
forestall	Normal	1343754440	Word Smart
forgo	Normal	1343753567	Word Smart
forsake	Normal	1343753568	Word Smart
forswear	Normal	1343754441	Word Smart
forte	Normal	1343754442	Word Smart
forthright	Normal	1343754443	Word Smart
fortuitous	Normal	1343753569	Word Smart
foster	Normal	1343754444	Word Smart
founder	Normal	1343753570	Word Smart
fragmentary	Normal	1343754445	Word Smart
fraternal	Normal	1343753571	Word Smart
frenetic	Normal	1343753572	Word Smart
frugal	Normal	1343753573	Word Smart
fruitful	Normal	1343754446	Word Smart
fuel	Normal	1343754447	Word Smart
fulminate	Normal	1343754448	Word Smart
furtive	Normal	1343753574	Word Smart
futile	Normal	1343753575	Word Smart
gaffe	Normal	1343754449	Word Smart
galvanize	Normal	1343754450	Word Smart
gambit	Normal	1343754451	Word Smart
gamut	Normal	1343754452	Word Smart
garner	Normal	1343754453	Word Smart
garrulous	Normal	1343753576	Word Smart
gastronomy	Normal	1343754454	Word Smart
generic	Normal	1343754455	Word Smart
genesis	Normal	1343754456	Word Smart
genocide	Normal	1343754457	Word Smart
genre	Normal	1343753577	Word Smart
genteel	Normal	1343753578	Word Smart
germane	Normal	1343754458	Word Smart
gesticulate	Normal	1343753579	Word Smart
ghastly	Normal	1343754459	Word Smart
glut	Normal	1343753580	Word Smart
grandiloquent	Normal	1343753581	Word Smart
grandiose	Normal	1343753582	Word Smart
gratis	Normal	1343754460	Word Smart
gratuitous	Normal	1343753583	Word Smart
gravity	Normal	1343753584	Word Smart
gregarious	Normal	1343753585	Word Smart
grievous	Normal	1343754461	Word Smart
grimace	Normal	1343754462	Word Smart
guile	Normal	1343753586	Word Smart
guise	Normal	1343754463	Word Smart
habituate	Normal	1343754464	Word Smart
hackneyed	Normal	1343753587	Word Smart
halcyon	Normal	1343754465	Word Smart
hapless	Normal	1343753588	Word Smart
harass	Normal	1343754466	Word Smart
harbinger	Normal	1343753589	Word Smart
harbinger	Normal	1343754467	Word Smart
harp	Normal	1343754468	Word Smart
harry	Normal	1343754469	Word Smart
hedonism	Normal	1343753590	Word Smart
hegemony	Normal	1343753591	Word Smart
heinous	Normal	1343754470	Word Smart
herald	Normal	1343754471	Word Smart
heresy	Normal	1343753592	Word Smart
hermetic	Normal	1343753593	Word Smart
heyday	Normal	1343753594	Word Smart
hiatus	Normal	1343753595	Word Smart
hierarchy	Normal	1343753596	Word Smart
histrionic	Normal	1343753597	Word Smart
hoary	Normal	1343754472	Word Smart
homage	Normal	1343754473	Word Smart
homily	Normal	1343753598	Word Smart
homogeneous	Normal	1343753599	Word Smart
hubris	Normal	1343754474	Word Smart
husbandry	Normal	1343753600	Word Smart
hyperbole	Normal	1343753601	Word Smart
hypocrisy	Normal	1343754475	Word Smart
hypothetical	Normal	1343753602	Word Smart
iconoclast	Normal	1343753603	Word Smart
ideology	Normal	1343753604	Word Smart
idiosyncrasy	Normal	1343753605	Word Smart
idyllic	Normal	1343753606	Word Smart
ignominy	Normal	1343753607	Word Smart
illicit	Normal	1343753608	Word Smart
imbue	Normal	1343754476	Word Smart
imminent	Normal	1343753609	Word Smart
immutable	Normal	1343753610	Word Smart
impartial	Normal	1343753611	Word Smart
impasse	Normal	1343754477	Word Smart
impeach	Normal	1343754478	Word Smart
impeccable	Normal	1343753612	Word Smart
impecunious	Normal	1343754479	Word Smart
impede	Normal	1343754480	Word Smart
impending	Normal	1343754481	Word Smart
impenetrable	Normal	1343754482	Word Smart
imperative	Normal	1343754483	Word Smart
Imperial`	Normal	1343753613	Word Smart
impervious	Normal	1343753614	Word Smart
impetuous	Normal	1343753615	Word Smart
impetuous	Normal	1343754484	Word Smart
implement	Normal	1343753616	Word Smart
implication	Normal	1343754485	Word Smart
importune	Normal	1343754486	Word Smart
impotent	Normal	1343753617	Word Smart
impoverish	Normal	1343754487	Word Smart
impregnable	Normal	1343754488	Word Smart
impresario	Normal	1343754489	Word Smart
impromptu	Normal	1343754490	Word Smart
improvise	Normal	1343754491	Word Smart
impugn	Normal	1343753618	Word Smart
impunity	Normal	1343754492	Word Smart
inadvertent	Normal	1343754493	Word Smart
inalienable	Normal	1343754494	Word Smart
inane	Normal	1343753619	Word Smart
inaugurate	Normal	1343753620	Word Smart
incandescent	Normal	1343753621	Word Smart
incantation	Normal	1343753622	Word Smart
incarnation	Normal	1343754495	Word Smart
incendiary	Normal	1343754496	Word Smart
incense	Normal	1343753623	Word Smart
incessant	Normal	1343753624	Word Smart
incipient	Normal	1343753625	Word Smart
incisive	Normal	1343753626	Word Smart
inclination	Normal	1343754497	Word Smart
incongruous	Normal	1343753627	Word Smart
incorrigible	Normal	1343753628	Word Smart
increment	Normal	1343753629	Word Smart
inculcate	Normal	1343754498	Word Smart
incumbent	Normal	1343754499	Word Smart
incursion	Normal	1343754500	Word Smart
indict	Normal	1343754501	Word Smart
indifferent	Normal	1343753630	Word Smart
indigenous	Normal	1343753631	Word Smart
indigent	Normal	1343753632	Word Smart
indignant	Normal	1343753633	Word Smart
indolent	Normal	1343753634	Word Smart
induce	Normal	1343754502	Word Smart
indulgent	Normal	1343753635	Word Smart
ineffable	Normal	1343753636	Word Smart
ineluctable	Normal	1343754503	Word Smart
inept	Normal	1343753637	Word Smart
ineradicable	Normal	1343754504	Word Smart
inert	Normal	1343753638	Word Smart
inexorable	Normal	1343753639	Word Smart
infamous	Normal	1343753640	Word Smart
infatuated	Normal	1343753641	Word Smart
infer	Normal	1343753642	Word Smart
infinitesimal	Normal	1343753643	Word Smart
inflammatory	Normal	1343754505	Word Smart
influx	Normal	1343754506	Word Smart
infraction	Normal	1343754507	Word Smart
infrastructure	Normal	1343754508	Word Smart
infringe	Normal	1343754509	Word Smart
infuse	Normal	1343754510	Word Smart
ingenuous	Normal	1343753644	Word Smart
ingratiate	Normal	1343754511	Word Smart
inherent	Normal	1343753645	Word Smart
inimical	Normal	1343754512	Word Smart
inimitable	Normal	1343754513	Word Smart
injunction	Normal	1343753646	Word Smart
innate	Normal	1343753647	Word Smart
innocuous	Normal	1343753648	Word Smart
innuendo	Normal	1343754514	Word Smart
inordinate	Normal	1343753649	Word Smart
inquisition	Normal	1343754515	Word Smart
insatiable	Normal	1343753650	Word Smart
insidious	Normal	1343753651	Word Smart
insinuate	Normal	1343753652	Word Smart
insipid	Normal	1343753653	Word Smart
insolent	Normal	1343753654	Word Smart
insouciant	Normal	1343754516	Word Smart
instigate	Normal	1343753655	Word Smart
insufferable	Normal	1343754517	Word Smart
insular	Normal	1343753656	Word Smart
insuperable	Normal	1343754518	Word Smart
insurgent	Normal	1343753657	Word Smart
insurrection	Normal	1343754519	Word Smart
integral	Normal	1343753658	Word Smart
integral	Normal	1343754520	Word Smart
interim	Normal	1343754521	Word Smart
interloper	Normal	1343754522	Word Smart
interlude	Normal	1343754523	Word Smart
interminable	Normal	1343754524	Word Smart
intermittent	Normal	1343754525	Word Smart
intersperse	Normal	1343754526	Word Smart
intervene	Normal	1343754527	Word Smart
intimate	Normal	1343754528	Word Smart
intractable	Normal	1343753659	Word Smart
intransigent	Normal	1343753660	Word Smart
intricate	Normal	1343754529	Word Smart
intrigue	Normal	1343754530	Word Smart
intrinsic	Normal	1343753661	Word Smart
introspective	Normal	1343753662	Word Smart
inundate	Normal	1343753663	Word Smart
invective	Normal	1343753664	Word Smart
inveterate	Normal	1343753665	Word Smart
invidious	Normal	1343754531	Word Smart
inviolate	Normal	1343754532	Word Smart
invoke	Normal	1343754533	Word Smart
irascible	Normal	1343753666	Word Smart
iridescent	Normal	1343754534	Word Smart
ironic	Normal	1343753667	Word Smart
irrevocable	Normal	1343753668	Word Smart
itinerant	Normal	1343753669	Word Smart
jaunt	Normal	1343754535	Word Smart
jingoism	Normal	1343754536	Word Smart
jocular	Normal	1343754537	Word Smart
jubilation	Normal	1343754538	Word Smart
judicious	Normal	1343753670	Word Smart
junction	Normal	1343754539	Word Smart
junta	Normal	1343754540	Word Smart
juxtapose	Normal	1343753671	Word Smart
kinetic	Normal	1343753672	Word Smart
labyrinth	Normal	1343753673	Word Smart
laconic	Normal	1343753674	Word Smart
lament	Normal	1343753675	Word Smart
lampoon	Normal	1343753676	Word Smart
languish	Normal	1343753677	Word Smart
larceny	Normal	1343754541	Word Smart
largess	Normal	1343753678	Word Smart
lascivious	Normal	1343754542	Word Smart
latent	Normal	1343753679	Word Smart
laud	Normal	1343753680	Word Smart
lavish	Normal	1343754543	Word Smart
lax	Normal	1343754544	Word Smart
layman	Normal	1343754545	Word Smart
legacy	Normal	1343753681	Word Smart
lethargy	Normal	1343753682	Word Smart
levity	Normal	1343753683	Word Smart
liaison	Normal	1343754546	Word Smart
libel	Normal	1343753684	Word Smart
licentious	Normal	1343754547	Word Smart
limpid	Normal	1343754548	Word Smart
listless	Normal	1343754549	Word Smart
litany	Normal	1343754550	Word Smart
litigate	Normal	1343753685	Word Smart
livid	Normal	1343754551	Word Smart
loath	Normal	1343754552	Word Smart
lobby	Normal	1343754553	Word Smart
loquacious	Normal	1343753686	Word Smart
lout	Normal	1343754554	Word Smart
lucid	Normal	1343753687	Word Smart
ludicrous	Normal	1343754555	Word Smart
lugubrious	Normal	1343753688	Word Smart
luminous	Normal	1343753689	Word Smart
lyrical	Normal	1343754556	Word Smart
machination	Normal	1343753690	Word Smart
magnanimous	Normal	1343753691	Word Smart
magnate	Normal	1343753692	Word Smart
malaise	Normal	1343753693	Word Smart
malapropism	Normal	1343754557	Word Smart
malfeasance	Normal	1343753694	Word Smart
malinger	Normal	1343753695	Word Smart
malleable	Normal	1343753696	Word Smart
mandate	Normal	1343753697	Word Smart
mania	Normal	1343754558	Word Smart
manifest	Normal	1343753698	Word Smart
manifesto	Normal	1343753699	Word Smart
marginal	Normal	1343754559	Word Smart
marshal	Normal	1343753700	Word Smart
martial	Normal	1343753701	Word Smart
martyr	Normal	1343753702	Word Smart
materialistic	Normal	1343754561	Word Smart
matriculate	Normal	1343753703	Word Smart
maudlin	Normal	1343753704	Word Smart
maverick	Normal	1343753705	Word Smart
mawkish	Normal	1343754562	Word Smart
maxim	Normal	1343753706	Word Smart
meander	Normal	1343754563	Word Smart
mediate	Normal	1343753707	Word Smart
medium	Normal	1343754564	Word Smart
melancholy	Normal	1343754565	Word Smart
melee	Normal	1343754566	Word Smart
mellifluous	Normal	1343753708	Word Smart
mendacious	Normal	1343753709	Word Smart
mendicant	Normal	1343753710	Word Smart
mentor	Normal	1343753711	Word Smart
mercenary	Normal	1343753712	Word Smart
mercurial	Normal	1343753713	Word Smart
metamorphosis	Normal	1343753714	Word Smart
meticulous	Normal	1343754567	Word Smart
microcosm	Normal	1343753715	Word Smart
milieu	Normal	1343753716	Word Smart
millennium	Normal	1343754568	Word Smart
minuscule	Normal	1343753717	Word Smart
misanthropic	Normal	1343753718	Word Smart
mitigate	Normal	1343753719	Word Smart
mode	Normal	1343754570	Word Smart
modulate	Normal	1343754571	Word Smart
mollify	Normal	1343753720	Word Smart
momentum	Normal	1343754572	Word Smart
monolithic	Normal	1343753721	Word Smart
moratorium	Normal	1343754573	Word Smart
more	Normal	1343754569	Word Smart
mores	Normal	1343754574	Word Smart
moribund	Normal	1343753722	Word Smart
morose	Normal	1343753723	Word Smart
mortify	Normal	1343753724	Word Smart
motif	Normal	1343754575	Word Smart
motley	Normal	1343754576	Word Smart
mundane	Normal	1343753725	Word Smart
municipal	Normal	1343754577	Word Smart
munificent	Normal	1343753726	Word Smart
muse	Normal	1343754578	Word Smart
muster	Normal	1343754579	Word Smart
myopia	Normal	1343753727	Word Smart
myriad	Normal	1343753728	Word Smart
mystic	Normal	1343754580	Word Smart
narcissism	Normal	1343753729	Word Smart
nebulous	Normal	1343753730	Word Smart
nebulous	Normal	1343754581	Word Smart
nefarious	Normal	1343753731	Word Smart
nemesis	Normal	1343754582	Word Smart
neologism	Normal	1343753732	Word Smart
neophyte	Normal	1343754583	Word Smart
nepotism	Normal	1343753733	Word Smart
nihilism	Normal	1343753734	Word Smart
nirvana	Normal	1343754584	Word Smart
noisome	Normal	1343754585	Word Smart
nomadic	Normal	1343754586	Word Smart
nomenclature	Normal	1343754587	Word Smart
nominal	Normal	1343753735	Word Smart
nonchalant	Normal	1343754588	Word Smart
nostalgia	Normal	1343753736	Word Smart
notorious	Normal	1343753737	Word Smart
novel	Normal	1343753738	Word Smart
noxious	Normal	1343753739	Word Smart
nuance	Normal	1343753740	Word Smart
nullify	Normal	1343754589	Word Smart
obdurate	Normal	1343753741	Word Smart
obeisance	Normal	1343754590	Word Smart
obfuscate	Normal	1343753742	Word Smart
objective	Normal	1343754591	Word Smart
oblique	Normal	1343753743	Word Smart
oblivion	Normal	1343753744	Word Smart
obscure	Normal	1343753745	Word Smart
obsequious	Normal	1343753746	Word Smart
obtrusive	Normal	1343754592	Word Smart
obtuse	Normal	1343753747	Word Smart
obviate	Normal	1343754593	Word Smart
occult	Normal	1343754594	Word Smart
odious	Normal	1343754595	Word Smart
odyssey	Normal	1343754596	Word Smart
officious	Normal	1343753748	Word Smart
olfactory	Normal	1343754597	Word Smart
oligarchy	Normal	1343754598	Word Smart
ominous	Normal	1343754599	Word Smart
omniscient	Normal	1343754600	Word Smart
onerous	Normal	1343753749	Word Smart
opaque	Normal	1343753750	Word Smart
opprobrious	Normal	1343754601	Word Smart
opulent	Normal	1343753751	Word Smart
ordinance	Normal	1343754602	Word Smart
orthodox	Normal	1343753752	Word Smart
oscillate	Normal	1343754603	Word Smart
osmosis	Normal	1343754604	Word Smart
ostensible	Normal	1343753753	Word Smart
ostentatious	Normal	1343753754	Word Smart
ostracize	Normal	1343754605	Word Smart
oust	Normal	1343754606	Word Smart
override	Normal	1343754607	Word Smart
overture	Normal	1343754608	Word Smart
oxymoron	Normal	1343754609	Word Smart
pacify	Normal	1343753755	Word Smart
painstaking	Normal	1343753756	Word Smart
palatable	Normal	1343754610	Word Smart
palliate	Normal	1343753757	Word Smart
pallor	Normal	1343754611	Word Smart
palpable	Normal	1343753758	Word Smart
paltry	Normal	1343753759	Word Smart
panacea	Normal	1343753760	Word Smart
pandemic	Normal	1343754612	Word Smart
panegyric	Normal	1343754613	Word Smart
parable	Normal	1343754614	Word Smart
paradigm	Normal	1343753761	Word Smart
paradox	Normal	1343753762	Word Smart
paragon	Normal	1343754615	Word Smart
parallel	Normal	1343754616	Word Smart
paranoia	Normal	1343754617	Word Smart
paranormal	Normal	1343754618	Word Smart
parochial	Normal	1343753763	Word Smart
parody	Normal	1343753764	Word Smart
paroxysm	Normal	1343754619	Word Smart
parsimonious	Normal	1343753765	Word Smart
partisan	Normal	1343753766	Word Smart
partition	Normal	1343754620	Word Smart
pastoral	Normal	1343754621	Word Smart
patent	Normal	1343753767	Word Smart
paternal	Normal	1343753768	Word Smart
pathology	Normal	1343753769	Word Smart
pathos	Normal	1343754622	Word Smart
patina	Normal	1343754623	Word Smart
patriarch	Normal	1343753770	Word Smart
patrician	Normal	1343753771	Word Smart
patrimony	Normal	1343754624	Word Smart
patronize	Normal	1343753772	Word Smart
paucity	Normal	1343753773	Word Smart
peccadillo	Normal	1343753774	Word Smart
peculiar	Normal	1343754625	Word Smart
pedantic	Normal	1343753775	Word Smart
pedestrian	Normal	1343753776	Word Smart
pejorative	Normal	1343753777	Word Smart
penchant	Normal	1343753778	Word Smart
penitent	Normal	1343753779	Word Smart
pensive	Normal	1343753780	Word Smart
peregrination	Normal	1343754626	Word Smart
peremptory	Normal	1343753781	Word Smart
perennial	Normal	1343753782	Word Smart
perfidy	Normal	1343753783	Word Smart
perfunctory	Normal	1343753784	Word Smart
peripatetic	Normal	1343753785	Word Smart
periphery	Normal	1343753786	Word Smart
perjury	Normal	1343753787	Word Smart
permeate	Normal	1343753788	Word Smart
pernicious	Normal	1343753789	Word Smart
perpetrator	Normal	1343754627	Word Smart
perpetuate	Normal	1343754628	Word Smart
perquisite	Normal	1343753790	Word Smart
pertinent	Normal	1343753791	Word Smart
perturb	Normal	1343753792	Word Smart
peruse	Normal	1343753793	Word Smart
pervade	Normal	1343753794	Word Smart
perverse	Normal	1343754629	Word Smart
petulant	Normal	1343753795	Word Smart
phantasm	Normal	1343754630	Word Smart
philanthropy	Normal	1343753796	Word Smart
philistine	Normal	1343753797	Word Smart
phlegmatic	Normal	1343754631	Word Smart
pilgrimage	Normal	1343754632	Word Smart
pious	Normal	1343753798	Word Smart
pivotal	Normal	1343753799	Word Smart
placate	Normal	1343753800	Word Smart
placebo	Normal	1343754633	Word Smart
plaintive	Normal	1343753801	Word Smart
platitude	Normal	1343753802	Word Smart
platonic	Normal	1343754634	Word Smart
plausible	Normal	1343754635	Word Smart
plebeian	Normal	1343753803	Word Smart
plethora	Normal	1343753804	Word Smart
pliable	Normal	1343754636	Word Smart
plight	Normal	1343754637	Word Smart
plunder	Normal	1343754638	Word Smart
pluralism	Normal	1343754639	Word Smart
poignant	Normal	1343753805	Word Smart
polarize	Normal	1343753806	Word Smart
polemic	Normal	1343753807	Word Smart
ponderous	Normal	1343753808	Word Smart
porous	Normal	1343754640	Word Smart
portent	Normal	1343753809	Word Smart
posterity	Normal	1343754641	Word Smart
posthumous	Normal	1343754642	Word Smart
postulate	Normal	1343753810	Word Smart
posture	Normal	1343754643	Word Smart
pragmatic	Normal	1343753811	Word Smart
prattle	Normal	1343754644	Word Smart
precarious	Normal	1343754645	Word Smart
precedent	Normal	1343753812	Word Smart
precept	Normal	1343753813	Word Smart
precipitate	Normal	1343753814	Word Smart
precipitous	Normal	1343753815	Word Smart
preclude	Normal	1343753816	Word Smart
precocious	Normal	1343754646	Word Smart
precursor	Normal	1343753817	Word Smart
predecessor	Normal	1343754647	Word Smart
predicament	Normal	1343754648	Word Smart
predilection	Normal	1343753818	Word Smart
predispose	Normal	1343754649	Word Smart
predominant	Normal	1343754650	Word Smart
preeminent	Normal	1343753819	Word Smart
preempt	Normal	1343753820	Word Smart
pregnant	Normal	1343754651	Word Smart
prelude	Normal	1343754652	Word Smart
premeditated	Normal	1343754653	Word Smart
premise	Normal	1343753821	Word Smart
preponderance	Normal	1343754654	Word Smart
prepossess	Normal	1343753822	Word Smart
prerogative	Normal	1343753823	Word Smart
presage	Normal	1343754655	Word Smart
presentiment	Normal	1343754656	Word Smart
presumably	Normal	1343754657	Word Smart
presuppose	Normal	1343754658	Word Smart
prevail	Normal	1343753824	Word Smart
primal	Normal	1343754659	Word Smart
pristine	Normal	1343753825	Word Smart
pristine	Normal	1343754660	Word Smart
privation	Normal	1343754661	Word Smart
proclaim	Normal	1343754662	Word Smart
procure	Normal	1343754663	Word Smart
prodigal	Normal	1343753826	Word Smart
prodigious	Normal	1343753827	Word Smart
prodigy	Normal	1343753828	Word Smart
profane	Normal	1343753829	Word Smart
profess	Normal	1343753830	Word Smart
proficient	Normal	1343753831	Word Smart
profligate	Normal	1343753832	Word Smart
profound	Normal	1343753833	Word Smart
profuse	Normal	1343753834	Word Smart
progeny	Normal	1343754664	Word Smart
proletariat	Normal	1343753835	Word Smart
proliferate	Normal	1343753836	Word Smart
prolific	Normal	1343753837	Word Smart
promulgate	Normal	1343753838	Word Smart
propagate	Normal	1343754665	Word Smart
propensity	Normal	1343753839	Word Smart
propitious	Normal	1343753840	Word Smart
proponent	Normal	1343753841	Word Smart
propound	Normal	1343754666	Word Smart
proprietary	Normal	1343753842	Word Smart
propriety	Normal	1343753843	Word Smart
prosaic	Normal	1343753844	Word Smart
proscribe	Normal	1343753845	Word Smart
proselytize	Normal	1343753846	Word Smart
protagonist	Normal	1343753847	Word Smart
protocol	Normal	1343754667	Word Smart
protract	Normal	1343753848	Word Smart
provident	Normal	1343753849	Word Smart
provincial	Normal	1343753850	Word Smart
provisional	Normal	1343753851	Word Smart
provocation	Normal	1343754668	Word Smart
prowess	Normal	1343754669	Word Smart
proximity	Normal	1343753852	Word Smart
prudent	Normal	1343753853	Word Smart
prurient	Normal	1343754670	Word Smart
pseudonym	Normal	1343754671	Word Smart
psyche	Normal	1343754672	Word Smart
pummel	Normal	1343754673	Word Smart
punctilious	Normal	1343754674	Word Smart
pundit	Normal	1343754675	Word Smart
pungent	Normal	1343754676	Word Smart
punitive	Normal	1343754677	Word Smart
purblind	Normal	1343754678	Word Smart
puritanical	Normal	1343754679	Word Smart
purported	Normal	1343753854	Word Smart
putative	Normal	1343753855	Word Smart
quaint	Normal	1343754680	Word Smart
qualify	Normal	1343753856	Word Smart
qualitative	Normal	1343753857	Word Smart
quandary	Normal	1343754681	Word Smart
quasi	Normal	1343754682	Word Smart
quay	Normal	1343754683	Word Smart
quell	Normal	1343754684	Word Smart
querulous	Normal	1343753858	Word Smart
query	Normal	1343754685	Word Smart
queue	Normal	1343754686	Word Smart
quiescent	Normal	1343754687	Word Smart
quintessential	Normal	1343754688	Word Smart
quixotic	Normal	1343753859	Word Smart
quizzical	Normal	1343754689	Word Smart
quotidian	Normal	1343754690	Word Smart
ramification	Normal	1343753860	Word Smart
rampant	Normal	1343754691	Word Smart
rancor	Normal	1343753861	Word Smart
rapacious	Normal	1343753862	Word Smart
rapture	Normal	1343754692	Word Smart
rarefied	Normal	1343754693	Word Smart
ratify	Normal	1343754694	Word Smart
ratiocination	Normal	1343754695	Word Smart
rationale	Normal	1343754696	Word Smart
raucous	Normal	1343754697	Word Smart
reactionary	Normal	1343754698	Word Smart
rebuff	Normal	1343754699	Word Smart
rebuke	Normal	1343753863	Word Smart
rebut	Normal	1343753864	Word Smart
recalcitrant	Normal	1343753865	Word Smart
recant	Normal	1343753866	Word Smart
recidivism	Normal	1343754700	Word Smart
reciprocal	Normal	1343753867	Word Smart
reclusive	Normal	1343753868	Word Smart
recondite	Normal	1343753869	Word Smart
recrimination	Normal	1343753870	Word Smart
redeem	Normal	1343754701	Word Smart
redolent	Normal	1343753871	Word Smart
redress	Normal	1343754702	Word Smart
redundant	Normal	1343753872	Word Smart
referendum	Normal	1343754703	Word Smart
refractory	Normal	1343754704	Word Smart
refute	Normal	1343753873	Word Smart
regime	Normal	1343754705	Word Smart
regimen	Normal	1343754706	Word Smart
reiterate	Normal	1343753874	Word Smart
relegate	Normal	1343753875	Word Smart
relentless	Normal	1343753876	Word Smart
relinquish	Normal	1343753877	Word Smart
remission	Normal	1343754707	Word Smart
remonstrate	Normal	1343753878	Word Smart
remuneration	Normal	1343754708	Word Smart
renaissance	Normal	1343753879	Word Smart
rend	Normal	1343754709	Word Smart
render	Normal	1343754710	Word Smart
renounce	Normal	1343753880	Word Smart
reparation	Normal	1343753881	Word Smart
repartee	Normal	1343754711	Word Smart
repercussion	Normal	1343753882	Word Smart
replenish	Normal	1343753883	Word Smart
replete	Normal	1343753884	Word Smart
replicate	Normal	1343754712	Word Smart
repose	Normal	1343754713	Word Smart
reprehensible	Normal	1343753885	Word Smart
repress	Normal	1343754714	Word Smart
reprimand	Normal	1343754715	Word Smart
reprisal	Normal	1343753886	Word Smart
reprisal	Normal	1343754716	Word Smart
reproach	Normal	1343753887	Word Smart
reprobate	Normal	1343754717	Word Smart
reprove	Normal	1343753888	Word Smart
repudiate	Normal	1343753889	Word Smart
repugnant	Normal	1343754718	Word Smart
requisite	Normal	1343753890	Word Smart
resignation	Normal	1343754719	Word Smart
resolute	Normal	1343753891	Word Smart
respite	Normal	1343753892	Word Smart
resplendent	Normal	1343754720	Word Smart
resurrection	Normal	1343754721	Word Smart
reticent	Normal	1343753893	Word Smart
retort	Normal	1343754722	Word Smart
retrospect	Normal	1343754723	Word Smart
revamp	Normal	1343754724	Word Smart
revel	Normal	1343754725	Word Smart
revere	Normal	1343753894	Word Smart
revile	Normal	1343754726	Word Smart
revulsion	Normal	1343754727	Word Smart
rhapsodize	Normal	1343754728	Word Smart
rhetoric	Normal	1343753895	Word Smart
ribald	Normal	1343754729	Word Smart
rife	Normal	1343754730	Word Smart
rigorous	Normal	1343753896	Word Smart
rivet	Normal	1343754731	Word Smart
robust	Normal	1343753897	Word Smart
rogue	Normal	1343753898	Word Smart
rout	Normal	1343754732	Word Smart
rudimentary	Normal	1343753899	Word Smart
rue	Normal	1343754733	Word Smart
ruminate	Normal	1343753900	Word Smart
rustic	Normal	1343753901	Word Smart
saccharine	Normal	1343753902	Word Smart
sacrilege	Normal	1343753903	Word Smart
sacrosanct	Normal	1343753904	Word Smart
sagacious	Normal	1343753905	Word Smart
salient	Normal	1343753906	Word Smart
sally	Normal	1343754734	Word Smart
salutary	Normal	1343753907	Word Smart
salutation	Normal	1343754735	Word Smart
sanctimonious	Normal	1343753908	Word Smart
sanction	Normal	1343754736	Word Smart
sanguine	Normal	1343753909	Word Smart
sarcasm	Normal	1343754737	Word Smart
sardonic	Normal	1343753910	Word Smart
savant	Normal	1343754738	Word Smart
scant	Normal	1343754739	Word Smart
schism	Normal	1343754740	Word Smart
scintillate	Normal	1343753911	Word Smart
scorn	Normal	1343754741	Word Smart
scrupulous	Normal	1343753912	Word Smart
scrutinize	Normal	1343753913	Word Smart
seamless	Normal	1343754742	Word Smart
secede	Normal	1343754743	Word Smart
seclusion	Normal	1343754744	Word Smart
sect	Normal	1343754745	Word Smart
secular	Normal	1343753914	Word Smart
sedentary	Normal	1343754746	Word Smart
sedition	Normal	1343753915	Word Smart
self-made	Normal	1343754747	Word Smart
sensory	Normal	1343753916	Word Smart
sententious	Normal	1343754748	Word Smart
sentient	Normal	1343753917	Word Smart
sequester	Normal	1343753918	Word Smart
serendipity	Normal	1343753919	Word Smart
serene	Normal	1343754749	Word Smart
serpentine	Normal	1343754750	Word Smart
servile	Normal	1343753920	Word Smart
shackle	Normal	1343754751	Word Smart
shibboleth	Normal	1343754752	Word Smart
shrewd	Normal	1343754753	Word Smart
singular	Normal	1343753921	Word Smart
singular	Normal	1343754754	Word Smart
skirmish	Normal	1343754755	Word Smart
skittish	Normal	1343754756	Word Smart
slake	Normal	1343754757	Word Smart
slander	Normal	1343753922	Word Smart
sloth	Normal	1343753923	Word Smart
sobriety	Normal	1343753924	Word Smart
solace	Normal	1343754758	Word Smart
solicitous	Normal	1343753925	Word Smart
solidarity	Normal	1343754759	Word Smart
solvent	Normal	1343753926	Word Smart
sophomoric	Normal	1343754760	Word Smart
soporific	Normal	1343753927	Word Smart
sordid	Normal	1343753928	Word Smart
sordid	Normal	1343754761	Word Smart
sovereign	Normal	1343754762	Word Smart
spate	Normal	1343754763	Word Smart
spawn	Normal	1343753929	Word Smart
specious	Normal	1343753930	Word Smart
specious	Normal	1343754764	Word Smart
specter	Normal	1343754765	Word Smart
spectrum	Normal	1343754766	Word Smart
sporadic	Normal	1343753931	Word Smart
spurious	Normal	1343753932	Word Smart
spurn	Normal	1343754767	Word Smart
squalor	Normal	1343753933	Word Smart
squander	Normal	1343753934	Word Smart
stagnation	Normal	1343753935	Word Smart
stalwart	Normal	1343754768	Word Smart
stark	Normal	1343754769	Word Smart
static	Normal	1343753936	Word Smart
staunch	Normal	1343753937	Word Smart
steadfast	Normal	1343753938	Word Smart
stigmatize	Normal	1343753939	Word Smart
stint	Normal	1343754770	Word Smart
stipend	Normal	1343754771	Word Smart
stipulate	Normal	1343753940	Word Smart
stoic	Normal	1343753941	Word Smart
stolid	Normal	1343754772	Word Smart
stout	Normal	1343754773	Word Smart
stratagem	Normal	1343754774	Word Smart
stratum	Normal	1343753942	Word Smart
stricture	Normal	1343753943	Word Smart
strife	Normal	1343753944	Word Smart
stringent	Normal	1343753945	Word Smart
stupendous	Normal	1343754775	Word Smart
stupor	Normal	1343754776	Word Smart
stymie	Normal	1343753946	Word Smart
subjugate	Normal	1343753947	Word Smart
sublime	Normal	1343753948	Word Smart
subordinate	Normal	1343753949	Word Smart
subside	Normal	1343754777	Word Smart
subsidiary	Normal	1343754778	Word Smart
subsidize	Normal	1343754779	Word Smart
substantiate	Normal	1343754780	Word Smart
substantive	Normal	1343753950	Word Smart
subterfuge	Normal	1343754781	Word Smart
subtle	Normal	1343753951	Word Smart
subversive	Normal	1343753952	Word Smart
succinct	Normal	1343753953	Word Smart
succumb	Normal	1343753954	Word Smart
suffice	Normal	1343754782	Word Smart
suffrage	Normal	1343754783	Word Smart
suffuse	Normal	1343754784	Word Smart
sumptuous	Normal	1343754785	Word Smart
supercilious	Normal	1343753955	Word Smart
superficial	Normal	1343753956	Word Smart
superfluous	Normal	1343753957	Word Smart
supersede	Normal	1343754786	Word Smart
supine	Normal	1343754787	Word Smart
supplication	Normal	1343754788	Word Smart
suppress	Normal	1343754789	Word Smart
surfeit	Normal	1343753958	Word Smart
surmise	Normal	1343754790	Word Smart
surreal	Normal	1343754791	Word Smart
surreptitious	Normal	1343753959	Word Smart
surrogate	Normal	1343753960	Word Smart
susceptible	Normal	1343754792	Word Smart
sweeping	Normal	1343754793	Word Smart
sycophant	Normal	1343753961	Word Smart
synthesis	Normal	1343753962	Word Smart
systemic	Normal	1343754794	Word Smart
tacit	Normal	1343753963	Word Smart
taciturn	Normal	1343753964	Word Smart
tactical	Normal	1343754795	Word Smart
taint	Normal	1343754796	Word Smart
tangential	Normal	1343753965	Word Smart
tangible	Normal	1343753966	Word Smart
tantamount	Normal	1343753967	Word Smart
tautological	Normal	1343753968	Word Smart
tedium	Normal	1343754797	Word Smart
teem	Normal	1343754798	Word Smart
temerity	Normal	1343753969	Word Smart
temperate	Normal	1343753970	Word Smart
temporal	Normal	1343754799	Word Smart
temporize	Normal	1343754800	Word Smart
tenable	Normal	1343753971	Word Smart
tenacious	Normal	1343753972	Word Smart
tenet	Normal	1343753973	Word Smart
tentative	Normal	1343753974	Word Smart
tenuous	Normal	1343753975	Word Smart
tepid	Normal	1343754801	Word Smart
terse	Normal	1343753976	Word Smart
theology	Normal	1343753977	Word Smart
thorny	Normal	1343754802	Word Smart
threshold	Normal	1343754803	Word Smart
throttle	Normal	1343754804	Word Smart
thwart	Normal	1343754805	Word Smart
timorous	Normal	1343754806	Word Smart
tirade	Normal	1343753978	Word Smart
titillate	Normal	1343754807	Word Smart
titular	Normal	1343754808	Word Smart
toil	Normal	1343754809	Word Smart
torpor	Normal	1343753979	Word Smart
tortuous	Normal	1343754810	Word Smart
touchstone	Normal	1343753980	Word Smart
tout	Normal	1343753981	Word Smart
toxic	Normal	1343754811	Word Smart
transcend	Normal	1343753982	Word Smart
transfix	Normal	1343754812	Word Smart
transgress	Normal	1343753983	Word Smart
transient	Normal	1343753984	Word Smart
trauma	Normal	1343754813	Word Smart
travesty	Normal	1343754814	Word Smart
trenchant	Normal	1343754815	Word Smart
trepidation	Normal	1343753985	Word Smart
triumvirate	Normal	1343754816	Word Smart
tryst	Normal	1343754817	Word Smart
tumult	Normal	1343754818	Word Smart
turbid	Normal	1343754819	Word Smart
turmoil	Normal	1343754820	Word Smart
turpitude	Normal	1343753986	Word Smart
ubiquitous	Normal	1343753987	Word Smart
uncanny	Normal	1343754821	Word Smart
unconscionable	Normal	1343753988	Word Smart
unctuous	Normal	1343753989	Word Smart
underlying	Normal	1343754822	Word Smart
undermine	Normal	1343754823	Word Smart
underpinning	Normal	1343754824	Word Smart
underscore	Normal	1343754825	Word Smart
underwrite	Normal	1343754826	Word Smart
uniform	Normal	1343753990	Word Smart
unilateral	Normal	1343754827	Word Smart
unremitting	Normal	1343753991	Word Smart
unwitting	Normal	1343753992	Word Smart
urbane	Normal	1343753993	Word Smart
usurp	Normal	1343753994	Word Smart
usury	Normal	1343754828	Word Smart
utilitarian	Normal	1343753995	Word Smart
utopia	Normal	1343753996	Word Smart
vacillate	Normal	1343753997	Word Smart
vacuous	Normal	1343754829	Word Smart
vagary	Normal	1343754830	Word Smart
vanquish	Normal	1343754831	Word Smart
vapid	Normal	1343753998	Word Smart
vehement	Normal	1343753999	Word Smart
venal	Normal	1343754000	Word Smart
veneer	Normal	1343754832	Word Smart
venerate	Normal	1343754001	Word Smart
veracity	Normal	1343754002	Word Smart
verbose	Normal	1343754003	Word Smart
verdant	Normal	1343754833	Word Smart
verge	Normal	1343754834	Word Smart
verisimilitude	Normal	1343754004	Word Smart
verity	Normal	1343754835	Word Smart
vernacular	Normal	1343754005	Word Smart
vestige	Normal	1343754006	Word Smart
vex	Normal	1343754007	Word Smart
viable	Normal	1343754008	Word Smart
vicarious	Normal	1343754009	Word Smart
vicissitude	Normal	1343754010	Word Smart
vie	Normal	1343754836	Word Smart
vigilant	Normal	1343754837	Word Smart
vignette	Normal	1343754838	Word Smart
vilify	Normal	1343754011	Word Smart
vindicate	Normal	1343754012	Word Smart
vindictive	Normal	1343754013	Word Smart
virtuoso	Normal	1343754014	Word Smart
virulent	Normal	1343754015	Word Smart
viscous	Normal	1343754839	Word Smart
visionary	Normal	1343754016	Word Smart
Vitiate	Normal	1343754017	Word Smart
vitriolic	Normal	1343754018	Word Smart
vivacious	Normal	1343754840	Word Smart
vocation	Normal	1343754019	Word Smart
vociferous	Normal	1343754020	Word Smart
vogue	Normal	1343754841	Word Smart
volatile	Normal	1343754021	Word Smart
volition	Normal	1343754022	Word Smart
voluminous	Normal	1343754842	Word Smart
voluptuous	Normal	1343754843	Word Smart
voracious	Normal	1343754844	Word Smart
waft	Normal	1343754845	Word Smart
waive	Normal	1343754846	Word Smart
wake	Normal	1343754847	Word Smart
wane	Normal	1343754848	Word Smart
wanton	Normal	1343754023	Word Smart
warrant	Normal	1343754849	Word Smart
wary	Normal	1343754850	Word Smart
willful	Normal	1343754024	Word Smart
wistful	Normal	1343754025	Word Smart
wizened	Normal	1343754851	Word Smart
woe	Normal	1343754852	Word Smart
wrath	Normal	1343754853	Word Smart
zealous	Normal	1343754026	Word Smart
zeitgeist	Normal	1343754854	Word Smart
zenith	Normal	1343754855	Word Smart
