abet	Card 1	1343749222	Verbal Advantage 
abject	Card 1	1343749405	Verbal Advantage 
abjurate	Card 1	1343749668	Verbal Advantage 
ablutophobia	Card 1	1343749840	Verbal Advantage 
abrogate	Card 1	1343749423	Verbal Advantage 
abstemious	Card 1	1343749586	Verbal Advantage 
abstruse	Card 1	1343749488	Verbal Advantage 
accede	Card 1	1343749373	Verbal Advantage 
accede	Card 1	1343749624	Verbal Advantage 
accolade	Card 1	1343749429	Verbal Advantage 
acerbic	Card 1	1343749677	Verbal Advantage 
acme	Card 1	1343749219	Verbal Advantage 
acquiesce	Card 1	1343749371	Verbal Advantage 
acrimonious	Card 1	1343749671	Verbal Advantage 
Adamant	Card 1	1343749166	Verbal Advantage 
addlepated	Card 1	1343749676	Verbal Advantage 
adduce	Card 1	1343749709	Verbal Advantage 
adept	Card 1	1343749161	Verbal Advantage 
admonish	Card 1	1343749499	Verbal Advantage 
adroit	Card 1	1343749319	Verbal Advantage 
adventitious	Card 1	1343749787	Verbal Advantage 
advocate	Card 1	1343749199	Verbal Advantage 
aeronausiphobia	Card 1	1343749837	Verbal Advantage 
affinity	Card 1	1343749401	Verbal Advantage 
affluent	Card 1	1343749576	Verbal Advantage 
agoraphobia	Card 1	1343749833	Verbal Advantage 
alacrity	Card 1	1343749661	Verbal Advantage 
aleatory	Card 1	1343749813	Verbal Advantage 
allegation	Card 1	1343749211	Verbal Advantage 
allocate	Card 1	1343749250	Verbal Advantage 
allodoxaphobia	Card 1	1343749842	Verbal Advantage 
aloof	Card 1	1343749171	Verbal Advantage 
altruism	Card 1	1343749426	Verbal Advantage 
ambiguous	Card 1	1343749229	Verbal Advantage 
ambivalent	Card 1	1343749377	Verbal Advantage 
ambulatory	Card 1	1343749452	Verbal Advantage 
ameliorate	Card 1	1343749287	Verbal Advantage 
animosity	Card 1	1343749216	Verbal Advantage 
anomalous	Card 1	1343749581	Verbal Advantage 
antediluvian	Card 1	1343749623	Verbal Advantage 
apocryphal	Card 1	1343749748	Verbal Advantage 
apodictic	Card 1	1343749858	Verbal Advantage 
apostatize	Card 1	1343749865	Verbal Advantage 
appraise	Card 1	1343749611	Verbal Advantage 
apprise	Card 1	1343749610	Verbal Advantage 
approbation	Card 1	1343749477	Verbal Advantage 
arcane	Card 1	1343749490	Verbal Advantage 
arduous	Card 1	1343749175	Verbal Advantage 
ascetic	Card 1	1343749587	Verbal Advantage 
assent	Card 1	1343749372	Verbal Advantage 
assiduous	Card 1	1343749606	Verbal Advantage 
assimilate	Card 1	1343749304	Verbal Advantage 
assuage	Card 1	1343749242	Verbal Advantage 
astringent	Card 1	1343749679	Verbal Advantage 
astute	Card 1	1343749334	Verbal Advantage 
ataxiophobia	Card 1	1343749844	Verbal Advantage 
attest	Card 1	1343749395	Verbal Advantage 
auspicious	Card 1	1343749448	Verbal Advantage 
austere	Card 1	1343749284	Verbal Advantage 
autocracy	Card 1	1343749346	Verbal Advantage 
autonomous	Card 1	1343749345	Verbal Advantage 
autumnal	Card 1	1343749753	Verbal Advantage 
avaricious	Card 1	1343749245	Verbal Advantage 
aver	Card 1	1343749547	Verbal Advantage 
aviatophobia	Card 1	1343749838	Verbal Advantage 
avuncular	Card 1	1343749653	Verbal Advantage 
azygophrenia	Card 1	1343749886	Verbal Advantage 
badinage	Card 1	1343749816	Verbal Advantage 
banal	Card 1	1343749529	Verbal Advantage 
bandishment	Card 1	1343749744	Verbal Advantage 
bathysiderodromophobia	Card 1	1343749893	Verbal Advantage 
beguile	Card 1	1343749459	Verbal Advantage 
bellicose	Card 1	1343749601	Verbal Advantage 
belligerent	Card 1	1343749602	Verbal Advantage 
benign	Card 1	1343749213	Verbal Advantage 
bibliophilia	Card 1	1343749831	Verbal Advantage 
billingsgate	Card 1	1343749630	Verbal Advantage 
Blatant	Card 1	1343749165	Verbal Advantage 
boeotian	Card 1	1343749513	Verbal Advantage 
bombastic	Card 1	1343749589	Verbal Advantage 
boon	Card 1	1343749266	Verbal Advantage 
borborygmus	Card 1	1343749888	Verbal Advantage 
bowdlerize	Card 1	1343749702	Verbal Advantage 
breve	Card 1	1343749409	Verbal Advantage 
breviloquent	Card 1	1343749538	Verbal Advantage 
brevity	Card 1	1343749314	Verbal Advantage 
briskness	Card 1	1343749662	Verbal Advantage 
bruxomania	Card 1	1343749884	Verbal Advantage 
bucolic	Card 1	1343749503	Verbal Advantage 
bunkum	Card 1	1343749224	Verbal Advantage 
cachinnate	Card 1	1343749803	Verbal Advantage 
cacodoxy	Card 1	1343749564	Verbal Advantage 
cacoeconomy	Card 1	1343749565	Verbal Advantage 
cacoeopy	Card 1	1343749562	Verbal Advantage 
cacoethes	Card 1	1343749566	Verbal Advantage 
cacography	Card 1	1343749560	Verbal Advantage 
cacology	Card 1	1343749561	Verbal Advantage 
caconym	Card 1	1343749563	Verbal Advantage 
cacophonopholist	Card 1	1343749889	Verbal Advantage 
cacophony	Card 1	1343749555	Verbal Advantage 
calamity	Card 1	1343749307	Verbal Advantage 
callow	Card 1	1343749370	Verbal Advantage 
calumny	Card 1	1343749792	Verbal Advantage 
candor	Card 1	1343749158	Verbal Advantage 
cantankerous	Card 1	1343749190	Verbal Advantage 
capacious	Card 1	1343749496	Verbal Advantage 
capitulate	Card 1	1343749641	Verbal Advantage 
capricious	Card 1	1343749164	Verbal Advantage 
captious	Card 1	1343749690	Verbal Advantage 
carnal	Card 1	1343749227	Verbal Advantage 
carping	Card 1	1343749691	Verbal Advantage 
castigate	Card 1	1343749463	Verbal Advantage 
cataclysm	Card 1	1343749308	Verbal Advantage 
categorical	Card 1	1343749329	Verbal Advantage 
Catholic	Card 1	1343749595	Verbal Advantage 
cavil	Card 1	1343749303	Verbal Advantage 
cavilling	Card 1	1343749693	Verbal Advantage 
celerity	Card 1	1343749664	Verbal Advantage 
censorious	Card 1	1343749208	Verbal Advantage 
censure	Card 1	1343749302	Verbal Advantage 
charlatan	Card 1	1343749354	Verbal Advantage 
chasten	Card 1	1343749464	Verbal Advantage 
chastise	Card 1	1343749465	Verbal Advantage 
chimera	Card 1	1343749442	Verbal Advantage 
chronophobia	Card 1	1343749851	Verbal Advantage 
chrysalis	Card 1	1343749432	Verbal Advantage 
chryselephantine	Card 1	1343749883	Verbal Advantage 
circuitous	Card 1	1343749501	Verbal Advantage 
circumscribe	Card 1	1343749277	Verbal Advantage 
circumspect	Card 1	1343749289	Verbal Advantage 
clairvoyant	Card 1	1343749318	Verbal Advantage 
clandestine	Card 1	1343749204	Verbal Advantage 
claustrophobia	Card 1	1343749832	Verbal Advantage 
Clement	Card 1	1343749248	Verbal Advantage 
colloquial	Card 1	1343749413	Verbal Advantage 
colloquial	Card 1	1343749466	Verbal Advantage 
colloquium	Card 1	1343749468	Verbal Advantage 
colloquy	Card 1	1343749467	Verbal Advantage 
collusion	Card 1	1343749485	Verbal Advantage 
comity	Card 1	1343749789	Verbal Advantage 
commensurate	Card 1	1343749516	Verbal Advantage 
commiserate (with)	Card 1	1343749411	Verbal Advantage 
commodious	Card 1	1343749198	Verbal Advantage 
complacent	Card 1	1343749218	Verbal Advantage 
complicity	Card 1	1343749483	Verbal Advantage 
compose	Card 1	1343749613	Verbal Advantage 
comprise	Card 1	1343749612	Verbal Advantage 
compunction	Card 1	1343749715	Verbal Advantage 
concise	Card 1	1343749263	Verbal Advantage 
concur	Card 1	1343749169	Verbal Advantage 
concur	Card 1	1343749626	Verbal Advantage 
condone	Card 1	1343749554	Verbal Advantage 
confederacy	Card 1	1343749486	Verbal Advantage 
confer	Card 1	1343749592	Verbal Advantage 
congenial	Card 1	1343749163	Verbal Advantage 
conjecture	Card 1	1343749382	Verbal Advantage 
connotation	Card 1	1343749259	Verbal Advantage 
consent	Card 1	1343749625	Verbal Advantage 
conspiracy	Card 1	1343749484	Verbal Advantage 
construe	Card 1	1343749331	Verbal Advantage 
contemplative	Card 1	1343749380	Verbal Advantage 
contentious	Card 1	1343749600	Verbal Advantage 
contretemps	Card 1	1343749827	Verbal Advantage 
contrition	Card 1	1343749420	Verbal Advantage 
contumacious	Card 1	1343749558	Verbal Advantage 
conversant	Card 1	1343749445	Verbal Advantage 
convivial	Card 1	1343749471	Verbal Advantage 
copious	Card 1	1343749396	Verbal Advantage 
cornucopia	Card 1	1343749397	Verbal Advantage 
corroborate	Card 1	1343749243	Verbal Advantage 
coruscating	Card 1	1343749650	Verbal Advantage 
credence	Card 1	1343749340	Verbal Advantage 
creed	Card 1	1343749172	Verbal Advantage 
crepitate	Card 1	1343749143	Verbal Advantage 
crotchet	Card 1	1343749730	Verbal Advantage 
cull	Card 1	1343749453	Verbal Advantage 
cupidity	Card 1	1343749749	Verbal Advantage 
cursory	Card 1	1343749246	Verbal Advantage 
cynosure	Card 1	1343749815	Verbal Advantage 
dearth	Card 1	1343749278	Verbal Advantage 
debacle	Card 1	1343749309	Verbal Advantage 
debunk	Card 1	1343749223	Verbal Advantage 
deface	Card 1	1343749441	Verbal Advantage 
defenestrate	Card 1	1343749783	Verbal Advantage 
defray	Card 1	1343749260	Verbal Advantage 
defunct	Card 1	1343749221	Verbal Advantage 
deipnosophist	Card 1	1343749856	Verbal Advantage 
delegate	Card 1	1343749200	Verbal Advantage 
deleterious	Card 1	1343749376	Verbal Advantage 
demonstrable	Card 1	1343749369	Verbal Advantage 
demotic	Card 1	1343749820	Verbal Advantage 
denotation	Card 1	1343749258	Verbal Advantage 
denouement	Card 1	1343749776	Verbal Advantage 
denunciation	Card 1	1343749637	Verbal Advantage 
deprecate	Card 1	1343749614	Verbal Advantage 
depreciate	Card 1	1343749615	Verbal Advantage 
dermatophobia	Card 1	1343749853	Verbal Advantage 
desiccated	Card 1	1343749788	Verbal Advantage 
desultory	Card 1	1343749579	Verbal Advantage 
diacritical	Card 1	1343749407	Verbal Advantage 
didactic	Card 1	1343749583	Verbal Advantage 
diffident	Card 1	1343749764	Verbal Advantage 
digress	Card 1	1343749156	Verbal Advantage 
dilatory	Card 1	1343749784	Verbal Advantage 
dilemma	Card 1	1343749301	Verbal Advantage 
dilettante	Card 1	1343749337	Verbal Advantage 
discernible	Card 1	1343749306	Verbal Advantage 
discourse	Card 1	1343749757	Verbal Advantage 
discursive	Card 1	1343749578	Verbal Advantage 
dishabille	Card 1	1343749796	Verbal Advantage 
dishabillophobia	Card 1	1343749847	Verbal Advantage 
disingenuous	Card 1	1343749780	Verbal Advantage 
disinterested	Card 1	1343749394	Verbal Advantage 
disparage	Card 1	1343749577	Verbal Advantage 
disputatious	Card 1	1343749603	Verbal Advantage 
disquisition	Card 1	1343749756	Verbal Advantage 
dissemble	Card 1	1343749494	Verbal Advantage 
dissertation	Card 1	1343749758	Verbal Advantage 
dissident	Card 1	1343749363	Verbal Advantage 
diurnal	Card 1	1343749253	Verbal Advantage 
divagate	Card 1	1343749862	Verbal Advantage 
docile	Card 1	1343749633	Verbal Advantage 
doctiloquent	Card 1	1343749541	Verbal Advantage 
dogmatic	Card 1	1343749375	Verbal Advantage 
dormant	Card 1	1343749292	Verbal Advantage 
draconian	Card 1	1343749508	Verbal Advantage 
droll	Card 1	1343749457	Verbal Advantage 
duplicity	Card 1	1343749607	Verbal Advantage 
dwindle	Card 1	1343749593	Verbal Advantage 
dysmorphophobia	Card 1	1343749845	Verbal Advantage 
ebullience	Card 1	1343749436	Verbal Advantage 
eccentricity	Card 1	1343749476	Verbal Advantage 
edify	Card 1	1343749492	Verbal Advantage 
efface	Card 1	1343749440	Verbal Advantage 
efficacy	Card 1	1343749719	Verbal Advantage 
effusive	Card 1	1343749597	Verbal Advantage 
egoism	Card 1	1343749427	Verbal Advantage 
egotism	Card 1	1343749428	Verbal Advantage 
egregious	Card 1	1343749728	Verbal Advantage 
embellish	Card 1	1343749244	Verbal Advantage 
emendation	Card 1	1343749695	Verbal Advantage 
eminent	Card 1	1343749552	Verbal Advantage 
emolument	Card 1	1343749666	Verbal Advantage 
emulate	Card 1	1343749276	Verbal Advantage 
enervate	Card 1	1343749568	Verbal Advantage 
engender	Card 1	1343749638	Verbal Advantage 
enigma	Card 1	1343749339	Verbal Advantage 
enormity	Card 1	1343749616	Verbal Advantage 
entomology	Card 1	1343749257	Verbal Advantage 
ephemeral	Card 1	1343749348	Verbal Advantage 
epicene	Card 1	1343749154	Verbal Advantage 
epicure	Card 1	1343749510	Verbal Advantage 
epigram	Card 1	1343749733	Verbal Advantage 
epigraph	Card 1	1343749731	Verbal Advantage 
epitaph	Card 1	1343749732	Verbal Advantage 
eponym	Card 1	1343749720	Verbal Advantage 
equanimity	Card 1	1343749570	Verbal Advantage 
erroneous	Card 1	1343749550	Verbal Advantage 
erudite	Card 1	1343749283	Verbal Advantage 
escapades	Card 1	1343749726	Verbal Advantage 
eschew	Card 1	1343749406	Verbal Advantage 
esoteric	Card 1	1343749446	Verbal Advantage 
ethereal	Card 1	1343749588	Verbal Advantage 
etymology	Card 1	1343749256	Verbal Advantage 
evanescent	Card 1	1343749414	Verbal Advantage 
exacerbate	Card 1	1343749686	Verbal Advantage 
excoriate	Card 1	1343749793	Verbal Advantage 
execrable	Card 1	1343749523	Verbal Advantage 
execrate	Card 1	1343749822	Verbal Advantage 
exemplary	Card 1	1343749385	Verbal Advantage 
exigency	Card 1	1343749774	Verbal Advantage 
exiguity	Card 1	1343749808	Verbal Advantage 
exonerate	Card 1	1343749417	Verbal Advantage 
exoteric	Card 1	1343749447	Verbal Advantage 
expatiate	Card 1	1343749734	Verbal Advantage 
expedite	Card 1	1343749404	Verbal Advantage 
expiation	Card 1	1343749805	Verbal Advantage 
exponent	Card 1	1343749643	Verbal Advantage 
expostulate	Card 1	1343749439	Verbal Advantage 
expunge	Card 1	1343749288	Verbal Advantage 
expurgate	Card 1	1343749700	Verbal Advantage 
extant	Card 1	1343749767	Verbal Advantage 
extemporize	Card 1	1343749282	Verbal Advantage 
extenuate	Card 1	1343749685	Verbal Advantage 
extirpate	Card 1	1343749800	Verbal Advantage 
facile	Card 1	1343749470	Verbal Advantage 
factitious	Card 1	1343749873	Verbal Advantage 
faineant	Card 1	1343749867	Verbal Advantage 
fallacious	Card 1	1343749398	Verbal Advantage 
fallible	Card 1	1343749387	Verbal Advantage 
farrago	Card 1	1343749814	Verbal Advantage 
fastidious	Card 1	1343749321	Verbal Advantage 
feckless	Card 1	1343749449	Verbal Advantage 
feral	Card 1	1343749699	Verbal Advantage 
fervent	Card 1	1343749294	Verbal Advantage 
fetid	Card 1	1343749639	Verbal Advantage 
fierce	Card 1	1343749697	Verbal Advantage 
flaccid	Card 1	1343749745	Verbal Advantage 
flagitious	Card 1	1343749801	Verbal Advantage 
flippant	Card 1	1343749191	Verbal Advantage 
floccinaucinihilipilification	Card 1	1343749139	Verbal Advantage 
foible	Card 1	1343749293	Verbal Advantage 
forte	Card 1	1343749746	Verbal Advantage 
fortuitous	Card 1	1343749609	Verbal Advantage 
frangible	Card 1	1343749857	Verbal Advantage 
frugal	Card 1	1343749240	Verbal Advantage 
fugacious	Card 1	1343749777	Verbal Advantage 
fuliginous	Card 1	1343749145	Verbal Advantage 
fulminate	Card 1	1343749859	Verbal Advantage 
gallophobia	Card 1	1343749834	Verbal Advantage 
garrulous	Card 1	1343749343	Verbal Advantage 
Genesis	Card 1	1343749188	Verbal Advantage 
genteel	Card 1	1343749433	Verbal Advantage 
germane	Card 1	1343749723	Verbal Advantage 
gigantomachy	Card 1	1343749150	Verbal Advantage 
glabrous	Card 1	1343749152	Verbal Advantage 
glean	Card 1	1343749454	Verbal Advantage 
glib	Card 1	1343749270	Verbal Advantage 
goad	Card 1	1343749545	Verbal Advantage 
grandiloquent	Card 1	1343749535	Verbal Advantage 
graphospasm	Card 1	1343749141	Verbal Advantage 
gratuitous	Card 1	1343749456	Verbal Advantage 
gullible	Card 1	1343749212	Verbal Advantage 
haggard	Card 1	1343749225	Verbal Advantage 
hebdomadal	Card 1	1343749861	Verbal Advantage 
hebetude	Card 1	1343749829	Verbal Advantage 
hedonism	Card 1	1343749509	Verbal Advantage 
heliolatry	Card 1	1343749147	Verbal Advantage 
heretical	Card 1	1343749534	Verbal Advantage 
heterodox	Card 1	1343749530	Verbal Advantage 
heterogeneous	Card 1	1343749268	Verbal Advantage 
hibernal and hiemal	Card 1	1343749751	Verbal Advantage 
hierarch	Card 1	1343749819	Verbal Advantage 
hieratic	Card 1	1343749817	Verbal Advantage 
hierocracy	Card 1	1343749818	Verbal Advantage 
hippopotomonstrosesquipedalian	Card 1	1343749140	Verbal Advantage 
hirsute	Card 1	1343749869	Verbal Advantage 
hispid	Card 1	1343749868	Verbal Advantage 
hoist	Card 1	1343749594	Verbal Advantage 
horripilate	Card 1	1343749891	Verbal Advantage 
hortatory	Card 1	1343749146	Verbal Advantage 
hyperbole	Card 1	1343749659	Verbal Advantage 
iatrogenic	Card 1	1343749863	Verbal Advantage 
iconoclast	Card 1	1343749567	Verbal Advantage 
idiosyncrasy	Card 1	1343749474	Verbal Advantage 
imbroglio	Card 1	1343749737	Verbal Advantage 
imminent	Card 1	1343749551	Verbal Advantage 
immorigerous	Card 1	1343749881	Verbal Advantage 
impalpable	Card 1	1343749521	Verbal Advantage 
impeccable	Card 1	1343749386	Verbal Advantage 
impecunious	Card 1	1343749317	Verbal Advantage 
impervious	Card 1	1343749437	Verbal Advantage 
impetuous	Card 1	1343749239	Verbal Advantage 
importune	Card 1	1343749682	Verbal Advantage 
impromptu	Card 1	1343749381	Verbal Advantage 
impute	Card 1	1343749333	Verbal Advantage 
incandescent	Card 1	1343749648	Verbal Advantage 
incessant	Card 1	1343749517	Verbal Advantage 
inchoate	Card 1	1343749642	Verbal Advantage 
incongruous	Card 1	1343749241	Verbal Advantage 
incorrigible	Card 1	1343749443	Verbal Advantage 
incriminate	Card 1	1343749312	Verbal Advantage 
indefeasible	Card 1	1343749779	Verbal Advantage 
indigent	Card 1	1343749316	Verbal Advantage 
ineffable	Card 1	1343749738	Verbal Advantage 
inexorable	Card 1	1343749656	Verbal Advantage 
infantile	Card 1	1343749482	Verbal Advantage 
infinitesimal	Card 1	1343749544	Verbal Advantage 
ingratiating	Card 1	1343749279	Verbal Advantage 
inimitable	Card 1	1343749366	Verbal Advantage 
innocuous	Card 1	1343749255	Verbal Advantage 
insatiable	Card 1	1343749458	Verbal Advantage 
inscrutable	Card 1	1343749330	Verbal Advantage 
insouciant	Card 1	1343749608	Verbal Advantage 
interject	Card 1	1343749707	Verbal Advantage 
interpolate	Card 1	1343749706	Verbal Advantage 
interpose	Card 1	1343749708	Verbal Advantage 
intractable	Card 1	1343749425	Verbal Advantage 
intransigent	Card 1	1343749559	Verbal Advantage 
inundate	Card 1	1343749310	Verbal Advantage 
invective	Card 1	1343749629	Verbal Advantage 
inviolable	Card 1	1343749197	Verbal Advantage 
irascible	Card 1	1343749655	Verbal Advantage 
itinerant	Card 1	1343749450	Verbal Advantage 
jaded	Card 1	1343749367	Verbal Advantage 
jargon	Card 1	1343749195	Verbal Advantage 
jejune	Card 1	1343749806	Verbal Advantage 
jovial	Card 1	1343749434	Verbal Advantage 
judicious	Card 1	1343749431	Verbal Advantage 
juxtapose	Card 1	1343749444	Verbal Advantage 
lacerate	Card 1	1343749184	Verbal Advantage 
laconic	Card 1	1343749285	Verbal Advantage 
laity (lay)	Card 1	1343749351	Verbal Advantage 
laodicean	Card 1	1343749515	Verbal Advantage 
lassitude	Card 1	1343749794	Verbal Advantage 
latent	Card 1	1343749291	Verbal Advantage 
laudable	Card 1	1343749364	Verbal Advantage 
legerdemain	Card 1	1343749478	Verbal Advantage 
lesion	Card 1	1343749713	Verbal Advantage 
lethargy	Card 1	1343749416	Verbal Advantage 
levity	Card 1	1343749569	Verbal Advantage 
lexicographer	Card 1	1343749359	Verbal Advantage 
licentious	Card 1	1343749725	Verbal Advantage 
lionize	Card 1	1343749826	Verbal Advantage 
lissome	Card 1	1343749741	Verbal Advantage 
litigious	Card 1	1343749604	Verbal Advantage 
loath	Card 1	1343749274	Verbal Advantage 
loathe	Card 1	1343749275	Verbal Advantage 
logomachy	Card 1	1343749151	Verbal Advantage 
longanimity	Card 1	1343749870	Verbal Advantage 
lucid	Card 1	1343749326	Verbal Advantage 
lucrative	Card 1	1343749249	Verbal Advantage 
lucubration	Card 1	1343749811	Verbal Advantage 
lugubrious	Card 1	1343749543	Verbal Advantage 
machination	Card 1	1343749632	Verbal Advantage 
macron	Card 1	1343749408	Verbal Advantage 
macula	Card 1	1343749388	Verbal Advantage 
maculate	Card 1	1343749389	Verbal Advantage 
magnanimous	Card 1	1343749627	Verbal Advantage 
magniloquent	Card 1	1343749536	Verbal Advantage 
malefactor	Card 1	1343749799	Verbal Advantage 
malevolent	Card 1	1343749698	Verbal Advantage 
malinger	Card 1	1343749546	Verbal Advantage 
malleable	Card 1	1343749234	Verbal Advantage 
manifest	Card 1	1343749230	Verbal Advantage 
manifold	Card 1	1343749180	Verbal Advantage 
manumit	Card 1	1343749804	Verbal Advantage 
martinet	Card 1	1343749714	Verbal Advantage 
mastication	Card 1	1343749472	Verbal Advantage 
mellifluous	Card 1	1343749742	Verbal Advantage 
mendacious	Card 1	1343749644	Verbal Advantage 
mercenary	Card 1	1343749280	Verbal Advantage 
mercurial	Card 1	1343749716	Verbal Advantage 
meretricious	Card 1	1343749768	Verbal Advantage 
meritorious	Card 1	1343749771	Verbal Advantage 
meticulous	Card 1	1343749323	Verbal Advantage 
minatory	Card 1	1343749809	Verbal Advantage 
miscreant	Card 1	1343749710	Verbal Advantage 
mitigate	Card 1	1343749684	Verbal Advantage 
mnemonic	Card 1	1343749497	Verbal Advantage 
mollify	Card 1	1343749232	Verbal Advantage 
monotonous	Card 1	1343749179	Verbal Advantage 
morass	Card 1	1343749357	Verbal Advantage 
mordant	Card 1	1343749669	Verbal Advantage 
morose	Card 1	1343749159	Verbal Advantage 
mountebank	Card 1	1343749355	Verbal Advantage 
muliebriety	Card 1	1343749878	Verbal Advantage 
multiloquent	Card 1	1343749537	Verbal Advantage 
mundane	Card 1	1343749361	Verbal Advantage 
munificence	Card 1	1343749760	Verbal Advantage 
myopic	Card 1	1343749368	Verbal Advantage 
myriad	Card 1	1343749362	Verbal Advantage 
myrmidon	Card 1	1343749620	Verbal Advantage 
nacreous	Card 1	1343749866	Verbal Advantage 
nadir	Card 1	1343749220	Verbal Advantage 
narcissism	Card 1	1343749311	Verbal Advantage 
nascent	Card 1	1343749622	Verbal Advantage 
nebulous	Card 1	1343749203	Verbal Advantage 
neophibia	Card 1	1343749836	Verbal Advantage 
neophyte	Card 1	1343749335	Verbal Advantage 
nepotism	Card 1	1343749651	Verbal Advantage 
nettle	Card 1	1343749237	Verbal Advantage 
noctivagant	Card 1	1343749144	Verbal Advantage 
noisome	Card 1	1343749791	Verbal Advantage 
nonage	Card 1	1343749628	Verbal Advantage 
nostrum	Card 1	1343749717	Verbal Advantage 
novice	Card 1	1343749338	Verbal Advantage 
obeisance	Card 1	1343749605	Verbal Advantage 
obfuscate	Card 1	1343749469	Verbal Advantage 
objurgation	Card 1	1343749596	Verbal Advantage 
obnubilation	Card 1	1343749879	Verbal Advantage 
obsequious	Card 1	1343749582	Verbal Advantage 
obstinate	Card 1	1343749183	Verbal Advantage 
obtuse	Card 1	1343749675	Verbal Advantage 
obviate	Card 1	1343749665	Verbal Advantage 
occult	Card 1	1343749489	Verbal Advantage 
odious	Card 1	1343749522	Verbal Advantage 
offal	Card 1	1343749740	Verbal Advantage 
officious	Card 1	1343749424	Verbal Advantage 
oligarchy	Card 1	1343749646	Verbal Advantage 
omnipotent	Card 1	1343749185	Verbal Advantage 
onerous	Card 1	1343749349	Verbal Advantage 
onus	Card 1	1343749350	Verbal Advantage 
opulent	Card 1	1343749574	Verbal Advantage 
orthoepy	Card 1	1343749533	Verbal Advantage 
orthography	Card 1	1343749532	Verbal Advantage 
orthoscopic	Card 1	1343749531	Verbal Advantage 
ostensible	Card 1	1343749155	Verbal Advantage 
ostentatious	Card 1	1343749296	Verbal Advantage 
ostracize	Card 1	1343749504	Verbal Advantage 
palliate	Card 1	1343749683	Verbal Advantage 
panacea	Card 1	1343749347	Verbal Advantage 
pantophobia	Card 1	1343749850	Verbal Advantage 
paradigm	Card 1	1343749500	Verbal Advantage 
paragon	Card 1	1343749252	Verbal Advantage 
pariah	Card 1	1343749722	Verbal Advantage 
parsimonious	Card 1	1343749765	Verbal Advantage 
parvenu	Card 1	1343749657	Verbal Advantage 
paucity	Card 1	1343749807	Verbal Advantage 
peccable	Card 1	1343749392	Verbal Advantage 
peccadillo	Card 1	1343749390	Verbal Advantage 
peccant	Card 1	1343749391	Verbal Advantage 
peculate	Card 1	1343749763	Verbal Advantage 
pedagogue	Card 1	1343749584	Verbal Advantage 
pedantic	Card 1	1343749640	Verbal Advantage 
peevish	Card 1	1343749174	Verbal Advantage 
pellucid	Card 1	1343749327	Verbal Advantage 
penchant	Card 1	1343749271	Verbal Advantage 
penitence	Card 1	1343749421	Verbal Advantage 
pensive	Card 1	1343749378	Verbal Advantage 
percipient	Card 1	1343749673	Verbal Advantage 
perfunctory	Card 1	1343749356	Verbal Advantage 
perimeter	Card 1	1343749619	Verbal Advantage 
peripatetic	Card 1	1343749802	Verbal Advantage 
peripheral	Card 1	1343749214	Verbal Advantage 
pernicious	Card 1	1343749591	Verbal Advantage 
perquisite	Card 1	1343749315	Verbal Advantage 
personable	Card 1	1343749176	Verbal Advantage 
pertinent	Card 1	1343749724	Verbal Advantage 
peruse	Card 1	1343749273	Verbal Advantage 
pettifogger	Card 1	1343749153	Verbal Advantage 
philanthropic	Card 1	1343749415	Verbal Advantage 
philemaphobia	Card 1	1343749848	Verbal Advantage 
philia	Card 1	1343749830	Verbal Advantage 
philopatridomania	Card 1	1343749885	Verbal Advantage 
phlegmatic	Card 1	1343749786	Verbal Advantage 
pithy	Card 1	1343749286	Verbal Advantage 
pittance	Card 1	1343749269	Verbal Advantage 
platitude	Card 1	1343749320	Verbal Advantage 
plaudit	Card 1	1343749573	Verbal Advantage 
plethora	Card 1	1343749505	Verbal Advantage 
plexiform	Card 1	1343749874	Verbal Advantage 
pliant	Card 1	1343749181	Verbal Advantage 
poignant	Card 1	1343749202	Verbal Advantage 
pompous	Card 1	1343749298	Verbal Advantage 
pontificate	Card 1	1343749374	Verbal Advantage 
pragmatic	Card 1	1343749162	Verbal Advantage 
precipitate	Card 1	1343749618	Verbal Advantage 
precipitous	Card 1	1343749617	Verbal Advantage 
preclude	Card 1	1343749462	Verbal Advantage 
precociousness	Card 1	1343749170	Verbal Advantage 
predicament	Card 1	1343749300	Verbal Advantage 
predilection	Card 1	1343749736	Verbal Advantage 
prestidigitation	Card 1	1343749480	Verbal Advantage 
pretentious	Card 1	1343749297	Verbal Advantage 
pretext	Card 1	1343749254	Verbal Advantage 
probity	Card 1	1343749761	Verbal Advantage 
proclivity	Card 1	1343749506	Verbal Advantage 
procrustean	Card 1	1343749507	Verbal Advantage 
prodigious	Card 1	1343749473	Verbal Advantage 
prognosticate	Card 1	1343749635	Verbal Advantage 
proletariat	Card 1	1343749267	Verbal Advantage 
prolific	Card 1	1343749360	Verbal Advantage 
prolix	Card 1	1343749747	Verbal Advantage 
promiscuous	Card 1	1343749548	Verbal Advantage 
promulgate	Card 1	1343749455	Verbal Advantage 
prone	Card 1	1343749528	Verbal Advantage 
propinquity	Card 1	1343749872	Verbal Advantage 
propitiate	Card 1	1343749718	Verbal Advantage 
prosaic	Card 1	1343749353	Verbal Advantage 
proscribe	Card 1	1343749759	Verbal Advantage 
prosperous	Card 1	1343749575	Verbal Advantage 
protean	Card 1	1343749142	Verbal Advantage 
protract	Card 1	1343749295	Verbal Advantage 
protracted	Card 1	1343749206	Verbal Advantage 
provident	Card 1	1343749332	Verbal Advantage 
prudent	Card 1	1343749196	Verbal Advantage 
prurient	Card 1	1343749798	Verbal Advantage 
puerile	Card 1	1343749481	Verbal Advantage 
pugilist	Card 1	1343749419	Verbal Advantage 
pugnacious	Card 1	1343749418	Verbal Advantage 
puissant	Card 1	1343749762	Verbal Advantage 
pulchritude	Card 1	1343749775	Verbal Advantage 
pulverize	Card 1	1343749877	Verbal Advantage 
punctilious	Card 1	1343749324	Verbal Advantage 
pungent	Card 1	1343749352	Verbal Advantage 
purge	Card 1	1343749701	Verbal Advantage 
pusillanimous	Card 1	1343749766	Verbal Advantage 
putative	Card 1	1343749810	Verbal Advantage 
pyrophobia	Card 1	1343749835	Verbal Advantage 
Pyrrhonism	Card 1	1343749511	Verbal Advantage 
Pyrrhonist	Card 1	1343749512	Verbal Advantage 
quagmire	Card 1	1343749412	Verbal Advantage 
quandary	Card 1	1343749299	Verbal Advantage 
querulous	Card 1	1343749694	Verbal Advantage 
quibbling	Card 1	1343749692	Verbal Advantage 
quiescent	Card 1	1343749290	Verbal Advantage 
quirk	Card 1	1343749475	Verbal Advantage 
quixotic	Card 1	1343749711	Verbal Advantage 
quotidian	Card 1	1343749770	Verbal Advantage 
rapine	Card 1	1343749621	Verbal Advantage 
rapprochement	Card 1	1343749755	Verbal Advantage 
rebuff	Card 1	1343749215	Verbal Advantage 
recalcitrant	Card 1	1343749557	Verbal Advantage 
reconcile	Card 1	1343749251	Verbal Advantage 
recondite	Card 1	1343749491	Verbal Advantage 
recrimination	Card 1	1343749400	Verbal Advantage 
recrudescence	Card 1	1343749782	Verbal Advantage 
recur	Card 1	1343749209	Verbal Advantage 
redoubtable	Card 1	1343749634	Verbal Advantage 
redress	Card 1	1343749580	Verbal Advantage 
refractory	Card 1	1343749556	Verbal Advantage 
refulgent	Card 1	1343749647	Verbal Advantage 
remonstrate	Card 1	1343749438	Verbal Advantage 
remorse	Card 1	1343749422	Verbal Advantage 
remuneration	Card 1	1343749526	Verbal Advantage 
renaissance	Card 1	1343749187	Verbal Advantage 
replete	Card 1	1343749461	Verbal Advantage 
reprobate	Card 1	1343749703	Verbal Advantage 
repudiate	Card 1	1343749238	Verbal Advantage 
rescind	Card 1	1343749305	Verbal Advantage 
resolute	Card 1	1343749177	Verbal Advantage 
respite	Card 1	1343749393	Verbal Advantage 
retort	Card 1	1343749182	Verbal Advantage 
revere	Card 1	1343749342	Verbal Advantage 
ribald	Card 1	1343749652	Verbal Advantage 
risible	Card 1	1343749825	Verbal Advantage 
rodomontade	Card 1	1343749828	Verbal Advantage 
ruminate	Card 1	1343749525	Verbal Advantage 
rupophobia	Card 1	1343749846	Verbal Advantage 
sacerdotophrenia	Card 1	1343749890	Verbal Advantage 
sagacious	Card 1	1343749672	Verbal Advantage 
salient	Card 1	1343749328	Verbal Advantage 
salubrious	Card 1	1343749658	Verbal Advantage 
sanctiloquent	Card 1	1343749542	Verbal Advantage 
sanctimonious	Card 1	1343749660	Verbal Advantage 
sanction	Card 1	1343749228	Verbal Advantage 
sanguinary	Card 1	1343749855	Verbal Advantage 
sanguine	Card 1	1343749854	Verbal Advantage 
sapient	Card 1	1343749674	Verbal Advantage 
sarculation	Card 1	1343749880	Verbal Advantage 
saturnalia	Card 1	1343749797	Verbal Advantage 
saturnine	Card 1	1343749821	Verbal Advantage 
scarify	Card 1	1343749860	Verbal Advantage 
sciamachy	Card 1	1343749148	Verbal Advantage 
scintillating	Card 1	1343749649	Verbal Advantage 
sciolist	Card 1	1343749871	Verbal Advantage 
scrupulous	Card 1	1343749322	Verbal Advantage 
scurrilous	Card 1	1343749781	Verbal Advantage 
senescent	Card 1	1343749590	Verbal Advantage 
shrivel	Card 1	1343749689	Verbal Advantage 
sinecure	Card 1	1343749735	Verbal Advantage 
sitiophobia	Card 1	1343749839	Verbal Advantage 
solecism	Card 1	1343749514	Verbal Advantage 
solicitous	Card 1	1343749272	Verbal Advantage 
somniloquent	Card 1	1343749539	Verbal Advantage 
sonorous	Card 1	1343749498	Verbal Advantage 
sophistry	Card 1	1343749358	Verbal Advantage 
sophophobia	Card 1	1343749841	Verbal Advantage 
specious	Card 1	1343749790	Verbal Advantage 
spendthrift	Card 1	1343749231	Verbal Advantage 
sporadic	Card 1	1343749167	Verbal Advantage 
spurious	Card 1	1343749704	Verbal Advantage 
squalid	Card 1	1343749403	Verbal Advantage 
staurophobia	Card 1	1343749849	Verbal Advantage 
stigma	Card 1	1343749313	Verbal Advantage 
stival	Card 1	1343749752	Verbal Advantage 
stoic	Card 1	1343749399	Verbal Advantage 
stolid	Card 1	1343749739	Verbal Advantage 
stricture	Card 1	1343749571	Verbal Advantage 
strident	Card 1	1343749645	Verbal Advantage 
stringent	Card 1	1343749572	Verbal Advantage 
suaviloquent	Card 1	1343749540	Verbal Advantage 
subjugate	Card 1	1343749192	Verbal Advantage 
subterfuge	Card 1	1343749435	Verbal Advantage 
succinct	Card 1	1343749264	Verbal Advantage 
succor	Card 1	1343749681	Verbal Advantage 
sullen	Card 1	1343749160	Verbal Advantage 
superannuated	Card 1	1343749727	Verbal Advantage 
supercilious	Card 1	1343749493	Verbal Advantage 
supine	Card 1	1343749527	Verbal Advantage 
supplicant	Card 1	1343749265	Verbal Advantage 
supplicate	Card 1	1343749654	Verbal Advantage 
supposition	Card 1	1343749178	Verbal Advantage 
suppurate	Card 1	1343749712	Verbal Advantage 
surfeit	Card 1	1343749743	Verbal Advantage 
surmise	Card 1	1343749383	Verbal Advantage 
surreptitious	Card 1	1343749384	Verbal Advantage 
susurrus	Card 1	1343749875	Verbal Advantage 
sycophant	Card 1	1343749518	Verbal Advantage 
tacit	Card 1	1343749210	Verbal Advantage 
taciturn	Card 1	1343749261	Verbal Advantage 
tangential	Card 1	1343749519	Verbal Advantage 
tantamount (to)	Card 1	1343749721	Verbal Advantage 
tart	Card 1	1343749678	Verbal Advantage 
tawdry	Card 1	1343749173	Verbal Advantage 
temerity	Card 1	1343749754	Verbal Advantage 
tenable	Card 1	1343749520	Verbal Advantage 
tenacious	Card 1	1343749667	Verbal Advantage 
tenuous	Card 1	1343749217	Verbal Advantage 
tergiversation	Card 1	1343749864	Verbal Advantage 
terse	Card 1	1343749262	Verbal Advantage 
thanatophobia	Card 1	1343749843	Verbal Advantage 
thaumaturgy	Card 1	1343749479	Verbal Advantage 
theomachy	Card 1	1343749149	Verbal Advantage 
tirade	Card 1	1343749205	Verbal Advantage 
to laud	Card 1	1343749365	Verbal Advantage 
traduce	Card 1	1343749795	Verbal Advantage 
transient	Card 1	1343749236	Verbal Advantage 
transmute	Card 1	1343749487	Verbal Advantage 
transpire	Card 1	1343749553	Verbal Advantage 
trenchant	Card 1	1343749344	Verbal Advantage 
triturate	Card 1	1343749876	Verbal Advantage 
troglodyte	Card 1	1343749812	Verbal Advantage 
truculent	Card 1	1343749696	Verbal Advantage 
truncate	Card 1	1343749585	Verbal Advantage 
turbid	Card 1	1343749778	Verbal Advantage 
tyro	Card 1	1343749336	Verbal Advantage 
ubiquitous	Card 1	1343749524	Verbal Advantage 
umbrage	Card 1	1343749598	Verbal Advantage 
uncanny	Card 1	1343749157	Verbal Advantage 
unequivocal	Card 1	1343749233	Verbal Advantage 
unprecedented	Card 1	1343749201	Verbal Advantage 
unscrupulous	Card 1	1343749186	Verbal Advantage 
untoward	Card 1	1343749549	Verbal Advantage 
urbane	Card 1	1343749194	Verbal Advantage 
uxorodespotism	Card 1	1343749887	Verbal Advantage 
vacillate	Card 1	1343749247	Verbal Advantage 
vacuous	Card 1	1343749495	Verbal Advantage 
vagrant	Card 1	1343749451	Verbal Advantage 
vanguard	Card 1	1343749168	Verbal Advantage 
vapid	Card 1	1343749729	Verbal Advantage 
variegated	Card 1	1343749680	Verbal Advantage 
vehement	Card 1	1343749636	Verbal Advantage 
venal	Card 1	1343749281	Verbal Advantage 
vendetta	Card 1	1343749325	Verbal Advantage 
venerate	Card 1	1343749341	Verbal Advantage 
venial	Card 1	1343749824	Verbal Advantage 
verbose	Card 1	1343749235	Verbal Advantage 
vernacular	Card 1	1343749430	Verbal Advantage 
vernal	Card 1	1343749750	Verbal Advantage 
vicissitude	Card 1	1343749599	Verbal Advantage 
vilify	Card 1	1343749785	Verbal Advantage 
vindicate	Card 1	1343749502	Verbal Advantage 
vindictive	Card 1	1343749460	Verbal Advantage 
virulent	Card 1	1343749670	Verbal Advantage 
vitiate	Card 1	1343749823	Verbal Advantage 
vituperation	Card 1	1343749631	Verbal Advantage 
vituperative	Card 1	1343749207	Verbal Advantage 
vivisepulture	Card 1	1343749882	Verbal Advantage 
volatile	Card 1	1343749402	Verbal Advantage 
volition	Card 1	1343749705	Verbal Advantage 
voluble	Card 1	1343749410	Verbal Advantage 
waive	Card 1	1343749226	Verbal Advantage 
warrant	Card 1	1343749189	Verbal Advantage 
wistful	Card 1	1343749379	Verbal Advantage 
wither	Card 1	1343749688	Verbal Advantage 
wizened	Card 1	1343749687	Verbal Advantage 
wry	Card 1	1343749193	Verbal Advantage 
xenomania	Card 1	1343749772	Verbal Advantage 
xenophilia	Card 1	1343749773	Verbal Advantage 
xenophobia	Card 1	1343749769	Verbal Advantage 
zeal	Card 1	1343749663	Verbal Advantage 
zenzizenzizenzic	Card 1	1343749892	Verbal Advantage 
zoophobia	Card 1	1343749852	Verbal Advantage 
